Platform,Content_Type,Action,Engagement_Count,Date,Post_ID
Facebook,Text,Like,1193,2024-07-19,PDDh8HjMcu
Instagram,Poll,Save,5418,2024-10-11,7Tl5YOzfAq
TikTok,Poll,Share,1669,2024-05-18,zocCspXvwH
Facebook,Story,View,4095,2024-10-05,jmoxw1v23a
TikTok,Text,Like,7166,2024-11-26,6RCayFoJM7
Instagram,Story,Comment,3201,2024-08-17,bIgIKvHPyz
Instagram,Poll,View,4182,2024-06-16,KEihqoLQwq
Twitter,Video,Comment,9780,2024-04-03,EjbM2dhWRB
Instagram,Text,Comment,3083,2024-12-09,jY4jg5K4bT
Instagram,Image,Share,3521,2024-08-06,ZoB5g9BeNS
TikTok,Image,View,5986,2024-11-21,zay0uO3Byw
Facebook,Text,Like,5155,2024-04-06,dnjxT2HjrN
Instagram,Text,Like,8397,2024-11-19,D84Kywywz7
Instagram,Poll,Save,4365,2024-06-07,yVHUQdc94U
LinkedIn,Image,Save,8401,2024-05-08,C5V2Bfx9BX
LinkedIn,Text,Comment,5745,2024-06-03,tulubz8r5r
LinkedIn,Image,Save,188,2024-03-13,ztdPtHN8n0
Facebook,Story,Share,4753,2024-08-06,sB9TigNKW7
LinkedIn,Story,Like,4895,2024-05-02,CcVahB8drO
TikTok,Story,Comment,9650,2024-05-15,eluhHI3IGF
LinkedIn,Poll,Like,8450,2024-04-12,rgF2wGh8qF
TikTok,Poll,Comment,7239,2024-08-21,eKlxxjeRJY
Facebook,Text,Save,725,2024-04-20,Vf43VMomSX
LinkedIn,Story,Comment,4006,2024-02-21,QXwEeSRJed
Twitter,Video,View,2852,2024-05-08,Np7IIn0DOR
TikTok,Poll,Like,3074,2024-11-21,QgjW5iq0eU
Twitter,Image,Comment,593,2024-08-21,HKQD4WrvKC
Twitter,Story,View,4142,2024-08-27,sS3IDSJYH7
Facebook,Story,Save,6662,2024-04-23,z5QPdnQMTK
Instagram,Video,Comment,9920,2024-02-08,iE34D8AaRk
TikTok,Poll,Save,4034,2024-07-13,JmgE1UrqAj
Instagram,Text,Like,839,2024-06-19,EiaV5Hx4pS
TikTok,Video,Like,1259,2024-06-05,pFAM4uyj42
Facebook,Image,Comment,8996,2024-11-11,40dGwhqeoL
Instagram,Story,Save,1862,2024-12-22,xWfbA9E1Py
TikTok,Image,Like,8417,2024-02-08,zDbSfXvE03
TikTok,Image,Comment,228,2024-03-23,8tKWoY8wUU
Facebook,Image,Comment,2444,2024-06-09,xSEBJUSabT
Facebook,Poll,Share,8428,2024-03-26,rvRICnGABr
Twitter,Image,Like,9796,2024-07-21,DXfnPdJlry
Twitter,Video,Like,3719,2024-08-02,udTz4SCT01
Twitter,Video,Like,3107,2024-08-07,87krGvLNkr
Instagram,Text,Like,395,2024-07-19,xRh5WHmom7
Facebook,Poll,Share,9986,2024-02-23,gvcxCiq0BW
Instagram,Video,Like,7641,2024-07-01,aqaBxo2id7
LinkedIn,Story,Like,6629,2024-02-17,lUxinGWmEK
Instagram,Text,Comment,5088,2024-07-12,KYWsrsj8CX
TikTok,Image,Save,3985,2024-07-24,dZFGHlg84n
Instagram,Video,Like,8767,2024-12-20,IMewDvqLs1
Facebook,Story,Comment,6078,2024-07-13,URmrH2USN1
Instagram,Text,Like,88,2024-03-27,NZVjfmcIjd
TikTok,Text,Save,895,2024-11-21,7k5zV7hJxy
Twitter,Story,View,4148,2024-12-10,O89E4UAxlG
TikTok,Image,Share,8494,2024-06-10,VnSLMJJhCH
Instagram,Text,Save,5187,2024-01-22,DpC0Aj2O3n
Instagram,Image,Like,9945,2024-11-01,TIxQDDfktv
Facebook,Image,Share,3906,2024-04-07,CjgpkXQ0g5
TikTok,Text,Share,2377,2024-08-14,BWJ7WamVmd
Twitter,Poll,Share,574,2024-10-10,xAfvAaxTsc
TikTok,Poll,View,9164,2024-03-28,2j55S5gPra
Instagram,Text,View,5351,2024-09-26,f5KEfKCAEZ
Instagram,Video,Save,3839,2024-09-19,eLexzDRavp
Twitter,Story,Comment,4453,2024-01-03,DFySwGST9u
LinkedIn,Image,Comment,2869,2024-12-01,3znJka7yIy
Twitter,Poll,View,6752,2024-08-20,DS2YcGL96N
TikTok,Image,Share,6484,2024-02-20,j72wyuou7s
Twitter,Video,Save,5422,2024-04-25,V00K0FKVY4
LinkedIn,Story,View,2519,2024-11-10,2nGc8UFjJn
Instagram,Poll,Comment,1684,2024-12-15,O9CXEjN2Wo
Twitter,Poll,Share,1170,2024-03-04,9ZcLIRMINJ
Facebook,Text,Comment,4961,2024-12-09,HhvQHt6Jf2
TikTok,Text,Share,5132,2024-02-16,GZmPh89bjE
Instagram,Story,Share,7165,2024-06-14,kMpUqHv6Jx
TikTok,Video,Share,6118,2024-04-13,yuz3zsB3ni
Twitter,Story,Comment,9540,2024-05-26,OjXZcnfW4Q
TikTok,Video,View,9710,2024-04-27,Iii4ZEkzrm
Instagram,Text,Share,6498,2024-11-11,Qs5HPOhop8
TikTok,Text,Like,8975,2024-01-09,oGiShtlwMi
TikTok,Image,Share,971,2024-04-24,nzUu6mfLJC
Instagram,Poll,Share,485,2024-07-17,VIuFbX4arf
TikTok,Story,Save,2330,2024-07-14,YY9828EscO
TikTok,Poll,Save,923,2024-01-14,U8x01YMZt0
Facebook,Poll,View,1158,2024-09-04,V9R4DUmn9s
Facebook,Poll,Comment,2584,2024-08-12,z6xSsA0wfz
Facebook,Video,View,2398,2024-07-04,mOVTKFKGDe
Instagram,Story,Save,3647,2024-07-09,CrRzIrZqb2
Twitter,Image,Save,6530,2024-11-16,KSGxnWurf6
LinkedIn,Video,Save,5910,2024-01-17,6xENh9eAJv
LinkedIn,Poll,View,8897,2024-12-21,9lhQNgImDW
Facebook,Video,View,8485,2024-05-13,FVlivOEjjn
Twitter,Poll,Share,6989,2024-03-05,m7KGjNXI7b
Facebook,Text,Share,5797,2024-06-12,LEonj4OB7s
LinkedIn,Video,Share,8720,2024-03-26,2ckKMtOSJK
Instagram,Story,Comment,421,2024-05-04,mMxyzvCEuX
Instagram,Story,View,3296,2024-10-26,fQDjhHGfRo
TikTok,Text,View,6631,2024-07-19,ocHcbpOoee
Instagram,Story,Comment,2695,2024-08-14,1kop2Ar2NM
Facebook,Poll,Share,5593,2024-05-28,OG1rtr7f9E
Instagram,Story,Comment,5283,2024-07-17,bWsKB98hZ3
Instagram,Video,Like,893,2024-09-07,gBLvCqOGh4
TikTok,Story,Share,7432,2024-07-07,7ibqMpANTF
Twitter,Video,Save,9420,2024-08-26,GJuVjyW99l
LinkedIn,Text,Like,1463,2024-10-14,L0eh997qOq
TikTok,Story,View,3471,2024-11-08,RaXIJ8BSAo
TikTok,Text,Like,6678,2024-12-24,5vGFjXz1h0
Facebook,Text,Share,3394,2024-12-28,IfsmJP95IT
TikTok,Story,Share,7897,2024-03-18,UOF4bBH9B7
TikTok,Story,Share,8345,2024-10-08,FTUiW1JyNY
Facebook,Video,Save,6729,2024-09-08,Hs3QpNXslH
Instagram,Story,Like,2567,2024-07-05,e9WaBHVFC4
Twitter,Video,Share,7053,2024-11-15,yDctpxaPOX
LinkedIn,Poll,Comment,8453,2024-07-16,lUPeoyNTzU
Facebook,Image,Save,7571,2024-11-24,LMBrZB3LVl
TikTok,Story,Share,117,2024-04-25,ER87cYHgrD
Twitter,Story,Like,1162,2024-05-01,oukwclLd5g
Twitter,Video,Comment,9327,2024-08-28,IeKcBPhz2Q
TikTok,Video,View,3056,2024-08-21,lPWnm8yeIL
Twitter,Text,Share,6186,2024-08-21,0CLJzjqMsU
Instagram,Video,Save,2814,2024-03-20,2vUsv4PWL2
LinkedIn,Story,Like,2832,2024-03-22,uLqZKayxBk
Facebook,Text,Share,540,2024-10-03,1AEcfwVQ06
Twitter,Image,Save,7988,2024-10-08,3H3fWRbsPR
TikTok,Video,View,6374,2024-10-28,KZKhpy2KN2
Facebook,Video,Save,8512,2024-12-22,4boAlK1Okf
Instagram,Text,Comment,5451,2024-07-03,afn2CWACRs
Twitter,Story,Comment,8766,2024-01-19,wzffXr5Y7b
Facebook,Poll,View,2348,2024-06-14,rV5KM1ZIzw
LinkedIn,Story,Like,207,2024-02-25,NLFEcrSEcK
Twitter,Text,Like,1271,2024-11-20,mr27rlkYuB
LinkedIn,Story,Comment,8791,2024-05-08,DQJjHHFan9
LinkedIn,Text,Comment,4821,2024-02-21,iJZRCjTq5g
Facebook,Image,Save,3893,2024-04-07,QK2EzQc6on
TikTok,Poll,Comment,7531,2024-03-05,MmvuLLSUgN
Twitter,Video,Share,1272,2024-09-22,05W7KrWCox
TikTok,Poll,Share,770,2024-10-10,DdXG8UtK4i
TikTok,Poll,Share,1435,2024-05-26,lGEwbo1u6h
Twitter,Story,Save,4864,2024-03-15,lXiBzg7CXY
Instagram,Poll,View,9714,2024-06-12,buy6NAGq5s
LinkedIn,Poll,Comment,7008,2024-01-22,IEeQptoucw
Twitter,Text,View,2263,2024-08-19,BigdYB9iPb
TikTok,Story,Like,4598,2024-02-13,stVaT2jCvx
Instagram,Text,Share,3234,2024-03-18,j0WUxnQ9Yx
LinkedIn,Story,Save,2646,2024-11-14,CjIbLyx78f
Instagram,Video,Share,377,2024-02-05,Uaar9KwEC0
Instagram,Poll,Like,9066,2024-10-25,K8ZsqLUNq5
Instagram,Poll,View,114,2024-11-26,krXQjC7vDB
LinkedIn,Video,Save,9683,2024-08-25,yJaJcjNZeH
Instagram,Poll,Save,1866,2024-05-22,WDQ14adVDR
LinkedIn,Image,Share,6728,2024-02-06,p6WFLF1Hh8
Facebook,Story,View,9751,2024-04-01,1OPAat0oFf
Twitter,Story,Share,6208,2024-08-07,qALVRo4lRE
LinkedIn,Video,Share,4678,2024-03-17,tOKhcJsZlJ
TikTok,Video,View,6952,2024-04-26,CJW3grP1tQ
Facebook,Text,Like,9340,2024-01-19,GK6xtKleR4
TikTok,Video,Save,8069,2024-12-04,omOwaWGmoF
Facebook,Poll,Comment,6937,2024-03-22,fa4Kp4uxzJ
Facebook,Poll,Save,5897,2024-12-24,V30cBokOic
TikTok,Video,View,1274,2024-10-06,VeBg2889Co
Instagram,Image,Save,9577,2024-05-25,NlwNQ8TFoT
TikTok,Text,Like,27,2024-12-16,XM40s81Anf
TikTok,Image,Like,5297,2024-05-14,HF271fc2Ff
Twitter,Poll,Comment,4612,2024-07-23,W2EZZzLiN5
TikTok,Image,Share,3218,2024-12-19,qbKvAMabkp
Twitter,Story,Share,2394,2024-12-01,P6ebxzdCSb
TikTok,Video,Comment,50,2024-07-02,8m9VpTlrTQ
Instagram,Poll,Share,6462,2024-07-16,gd5pI7ie7a
LinkedIn,Image,Like,9858,2024-12-11,MWTcg4UllC
Facebook,Poll,Like,7485,2024-06-10,D6RMTrvulj
TikTok,Poll,Share,5346,2024-06-22,4QWtIG8YLi
Facebook,Poll,View,6707,2024-08-22,C0twfnWOV3
Facebook,Text,Share,9735,2024-06-13,YY7CHhTW0B
Twitter,Text,View,7791,2024-06-17,cy3R9hn22T
TikTok,Text,Save,907,2024-05-20,rup9XfsqIl
TikTok,Video,Save,4215,2024-05-28,64fi4VnppC
TikTok,Poll,Share,4690,2024-01-04,ayMKFu3bho
Twitter,Story,Share,5532,2024-11-01,NVHjxHP10E
Twitter,Poll,View,169,2024-09-07,v3XGtTALcV
TikTok,Poll,Save,1267,2024-02-28,3pmEWiHILO
Twitter,Image,Like,6354,2024-07-22,z9YCioM0Az
Instagram,Text,Share,8887,2024-12-17,43CHXP06Mj
LinkedIn,Video,View,9848,2024-11-03,vH6m14sJOR
TikTok,Video,Save,2047,2024-11-23,IpUrEr76xD
LinkedIn,Image,Comment,3305,2024-06-20,blQsxmWXNw
TikTok,Text,View,7781,2024-06-21,pR0PyOVJkI
Twitter,Story,View,7476,2024-07-02,HGauHbIHw4
Instagram,Story,Like,4424,2024-03-23,tMRaaWSFa8
Instagram,Text,Save,7040,2024-08-24,dupi1FUak3
TikTok,Text,Share,5209,2024-01-09,L2ewTRDFrA
Instagram,Story,Comment,9713,2024-07-17,nIo7POx1jc
TikTok,Image,View,9323,2024-09-19,6H5Mdsk3u7
Instagram,Video,View,9436,2024-05-05,jJCKXzALI5
Facebook,Story,Save,2504,2024-07-01,6f9mnrq5mH
TikTok,Story,Save,278,2024-08-11,5fe9QM8Fj6
LinkedIn,Video,View,4177,2024-07-05,h8bePtATdh
LinkedIn,Video,Save,9444,2024-03-17,mdobMOK4ny
Instagram,Video,Share,8816,2024-09-04,vAFY2bq8Yp
Instagram,Video,Share,9237,2024-12-20,jFrRZLzf7V
LinkedIn,Story,Share,2519,2024-11-13,ADeVMUt9Xf
Facebook,Text,Save,249,2024-09-05,1t04PwbvNB
Instagram,Poll,View,4798,2024-09-05,ZGZHEIQqb1
Facebook,Text,Save,3425,2024-07-23,rQ9OlatRll
Facebook,Poll,Comment,8017,2024-07-22,KEuOzg4G1q
Twitter,Poll,Like,2197,2024-09-04,DxikOG07Bx
TikTok,Text,Like,7547,2024-04-19,VIfC3ZGREq
Instagram,Text,View,4976,2024-07-08,0AW6kGl7l3
LinkedIn,Text,Comment,4380,2024-04-09,X7m4myOga0
Twitter,Poll,Comment,6206,2024-10-08,RtBBtviv6z
Instagram,Poll,Share,6155,2024-05-17,HeFrSs1K4G
Facebook,Text,Comment,1631,2024-06-25,Dn2AcVXWrb
LinkedIn,Video,Comment,6758,2024-05-06,fnifTE56LR
Twitter,Poll,Share,9160,2024-01-23,D3iG9Ne4YA
Instagram,Text,Save,3776,2024-07-27,tBwGFtSeML
Twitter,Story,Save,2972,2024-09-14,uG0sk6fJdp
Facebook,Video,Like,6729,2024-08-20,ugLfsGbJXy
Twitter,Story,View,782,2024-01-03,uBkgXDcdVl
Instagram,Poll,Share,3538,2024-08-20,BeXDGQzD4g
Twitter,Image,Save,3463,2024-02-06,EfaZSLiz3S
Twitter,Video,Share,6217,2024-04-09,fTdfhI8fNA
TikTok,Poll,Like,2027,2024-03-28,5fhiulCHVO
LinkedIn,Text,Share,8239,2024-01-20,nO9lTTfFWo
TikTok,Story,View,857,2024-06-07,kuN8QcL1YB
TikTok,Story,Save,2723,2024-04-06,w5yRvwLUnr
Twitter,Text,Share,109,2024-12-19,lXb5juQzaT
Instagram,Poll,Comment,5463,2024-09-26,6NhHUwhEbt
Facebook,Poll,Like,6124,2024-10-17,J2dUSZYidN
Twitter,Image,Comment,2145,2024-04-23,TeeOpndHe9
Facebook,Image,View,3670,2024-02-07,Z1cpB3FUwo
Instagram,Image,Share,7543,2024-02-20,sEY9QEEOdN
Facebook,Poll,Share,3503,2024-05-18,uOOnvrjYzU
Facebook,Image,Save,3451,2024-11-21,cS7FcOAn7g
TikTok,Video,Share,9309,2024-11-23,FTQlABFGTa
Twitter,Text,Like,9062,2024-09-03,8XnBRTfa5A
LinkedIn,Video,View,7164,2024-08-12,Fn6ITwYm7S
Facebook,Poll,View,2716,2024-07-16,3lvQ3qSJZJ
TikTok,Story,View,8573,2024-10-11,HfomZxpEd9
TikTok,Text,Comment,424,2024-11-20,2VEu7MLI2D
Instagram,Story,Share,7317,2024-02-06,lLeaCW6jWR
Facebook,Image,Save,8528,2024-02-27,ofRSeviaCP
LinkedIn,Story,Like,9365,2024-03-25,XajuAny8CQ
LinkedIn,Image,Save,3446,2024-09-28,dg7CWHsDkP
LinkedIn,Story,View,255,2024-05-17,NaQqTm02KR
Instagram,Video,Share,3006,2024-05-03,mUnJKADOZI
LinkedIn,Video,Like,6068,2024-02-23,AmvP1U9r57
Instagram,Story,Share,9788,2024-02-21,LZ0aLcuyci
TikTok,Story,Save,9815,2024-02-02,XyUmmEbriW
Facebook,Image,Like,1717,2024-11-19,ZGHBq8umuC
TikTok,Poll,Comment,1962,2024-03-20,cvj4WUTBhp
Facebook,Text,Like,3996,2024-12-04,Et400vTYF8
LinkedIn,Text,Comment,9867,2024-01-02,zFGY0vpiQF
Facebook,Image,View,3542,2024-08-20,yeGVcJeNho
Twitter,Text,View,5252,2024-09-16,WyKHx3ueyB
Instagram,Story,Save,6804,2024-04-14,rKEUTpusGq
TikTok,Text,Like,5458,2024-04-21,hDj4yJkRXz
TikTok,Text,Like,7270,2024-09-06,Iq1NECPatu
LinkedIn,Story,Share,7587,2024-12-26,eEmeUQA1Wo
Facebook,Image,Share,7038,2024-12-10,k7dNuUcNk6
Twitter,Video,Save,5254,2024-10-02,uIwtQq4C7R
Facebook,Story,Comment,1765,2024-05-23,rCBMZYEoby
Facebook,Video,Save,9649,2024-07-05,eUmfp0PSGN
Twitter,Story,Save,7164,2024-12-06,hmkKNpNCMT
Twitter,Poll,Save,5800,2024-01-15,Q77S9qv7OR
Instagram,Video,View,9934,2024-12-03,5jar6HNeJR
LinkedIn,Story,Save,8845,2024-01-20,VUUPr8UGIH
Instagram,Text,Share,4138,2024-12-02,WFUTcw3NzF
Facebook,Poll,Share,3617,2024-08-02,ags9wCzRVN
Facebook,Poll,View,6395,2024-01-20,9GE8WgJexJ
Instagram,Image,Share,6011,2024-01-08,rzDWFVlwYC
TikTok,Story,Share,4568,2024-01-12,xN596oaiIe
Instagram,Text,Like,9378,2024-03-22,3IHrbdFE1U
Facebook,Story,Save,1130,2024-09-17,L3OheJz936
TikTok,Video,Like,5437,2024-12-14,lBxms7oK9w
Facebook,Story,Share,8942,2024-06-17,JcbG29cdmb
LinkedIn,Video,Like,6273,2024-05-25,yGD9WhsjNG
Instagram,Image,Save,5766,2024-08-02,mqSJM6UBfe
Facebook,Video,Like,3647,2024-12-09,7uXon8cwKp
Twitter,Text,View,4930,2024-05-26,C1fJlWgfsp
Twitter,Image,Like,8928,2024-10-08,tb2J2KOW2w
TikTok,Image,Share,3582,2024-06-07,GbkFl64Oxd
Facebook,Video,View,6560,2024-10-05,JUu7cFqbh1
LinkedIn,Text,View,154,2024-04-25,ggcQllM0yU
LinkedIn,Poll,Like,4474,2024-11-03,sXV9OxnHpI
TikTok,Text,Save,6165,2024-10-12,vps9DQL3VL
Facebook,Story,Share,3803,2024-06-28,lYvIWaakHp
Instagram,Story,Save,1383,2024-11-04,foBKZBmhZm
TikTok,Poll,Save,3960,2024-04-20,oB44BIdyO2
Twitter,Text,View,3989,2024-11-07,KIy6qVfTiK
LinkedIn,Text,Comment,1031,2024-03-16,D4PwMun95x
Twitter,Text,Comment,1440,2024-11-19,V1oSYOx3c4
LinkedIn,Video,Save,954,2024-11-15,664Lm8xNgy
Facebook,Video,Like,6453,2024-01-13,TPHKQRITcf
Twitter,Text,Share,6220,2024-07-12,uUB0OASK7q
Twitter,Image,Share,9435,2024-04-10,W5ibvEoTIZ
LinkedIn,Text,Save,4863,2024-06-01,xTfiF2wFHe
TikTok,Image,View,3832,2024-06-09,WCWFOowPGT
TikTok,Video,Share,4243,2024-03-19,qNxqZiSYxs
Facebook,Image,Share,2349,2024-01-03,OOdHwjpWWU
Instagram,Video,Save,9032,2024-11-05,DPoMHeOtAM
LinkedIn,Poll,Like,2608,2024-09-11,bT1qxvnPcG
Facebook,Text,View,5437,2024-03-28,5d2LDYHfpY
Twitter,Image,Like,619,2024-04-21,JbvzkOrxHT
Instagram,Text,View,775,2024-04-12,0zLB9JaloN
Instagram,Story,Share,8619,2024-07-26,VwSE1lrAOU
Instagram,Video,Comment,8948,2024-03-07,nyDGDCA7aM
Twitter,Video,Save,1946,2024-02-16,ya0MZ1lKXJ
Instagram,Image,Like,8427,2024-12-09,LQo9Jda9Wr
Instagram,Poll,View,6491,2024-07-16,mKgF3cYb4x
Instagram,Image,Share,7947,2024-09-09,rdjDnE4PfT
TikTok,Image,Save,7470,2024-12-20,B8h6tfk7xR
LinkedIn,Image,View,9062,2024-02-03,PpIY1UAGx4
TikTok,Text,Like,230,2024-12-13,fZ3reciCJZ
Facebook,Text,Share,2477,2024-02-13,YNSzR6GZQx
LinkedIn,Video,View,7591,2024-03-09,CuVE0Rd3mN
LinkedIn,Image,Comment,1591,2024-12-28,CAdwUbZLQ2
Instagram,Poll,Comment,6513,2024-07-08,dZjOhKHqv2
LinkedIn,Text,Comment,5388,2024-12-08,S5GQmJx3k8
Instagram,Story,Share,1295,2024-03-05,qfH2BxR3Q4
TikTok,Video,Save,7989,2024-01-15,SmhWfNsTRE
Facebook,Text,Share,759,2024-04-18,LR6OJWXzQZ
TikTok,Text,Save,653,2024-07-22,GKruoj5nnp
Instagram,Poll,View,5733,2024-12-16,O9CRch6Ymw
TikTok,Image,Save,576,2024-10-03,f7noasmn1i
Twitter,Poll,Like,2444,2024-03-11,D25kGGkcOP
LinkedIn,Image,Comment,1680,2024-10-18,c3IwS6bGfK
LinkedIn,Text,View,1153,2024-10-28,1X4BAu8ap0
LinkedIn,Image,Like,430,2024-01-16,4t0FrdN1P6
TikTok,Poll,Share,7202,2024-09-10,YQhCeD1Izy
Instagram,Video,View,829,2024-03-21,W6uAOfhDbk
TikTok,Image,Comment,8510,2024-09-17,hyIFUeaCc1
Instagram,Image,Comment,8049,2024-03-13,8smKlEKczs
LinkedIn,Poll,Comment,4606,2024-11-03,KXItcPF99A
Instagram,Story,View,6572,2024-04-25,WBlQxfWMj0
LinkedIn,Poll,Like,821,2024-02-12,3mqosNo6v0
Instagram,Text,Comment,4712,2024-10-03,gJIfPLecEf
Twitter,Image,View,1435,2024-05-17,wDrb9MCWg5
Facebook,Video,View,9517,2024-08-16,Vjblhvs7lA
LinkedIn,Image,Like,5527,2024-11-05,LAXww219EY
LinkedIn,Image,Comment,5953,2024-07-21,JtMhZEctBy
Instagram,Poll,Like,2265,2024-02-20,e17odzBell
Facebook,Poll,Save,2002,2024-07-24,1gHUmyEjlL
Twitter,Story,Save,3290,2024-04-07,uIb41KDcOf
Facebook,Story,View,2,2024-01-25,DmUnPBSm0q
Twitter,Text,Comment,3947,2024-11-12,VwduESKPlP
LinkedIn,Image,Save,5748,2024-07-07,keVwOMlYsx
Facebook,Text,Share,5253,2024-04-13,n3o4CsEmlJ
Twitter,Text,Save,2725,2024-04-21,v6BVqN7rC5
Instagram,Text,View,7103,2024-10-27,Tj0F4NQO1b
Instagram,Image,Save,5885,2024-10-11,YGL1UGRGrH
LinkedIn,Poll,Comment,339,2024-10-12,eUJlmflXzG
Twitter,Text,Save,3621,2024-11-23,3o7hfMb3zt
TikTok,Story,Share,4786,2024-11-18,3OLIZD87kJ
TikTok,Image,View,2869,2024-03-27,3WeKtbndCM
TikTok,Image,Like,6726,2024-07-10,fCvn2tzWrC
Facebook,Story,Share,2670,2024-07-14,c8VyhVyhqM
Facebook,Video,Share,6068,2024-08-06,uqWFJZsnCe
Instagram,Text,Comment,7567,2024-09-21,vArs6GklQL
Instagram,Story,Save,4704,2024-03-09,S2DbUGVAgj
LinkedIn,Image,Comment,4768,2024-11-02,XQefA2qP1z
Twitter,Video,Save,4584,2024-08-25,e4Xx2uYp2L
Facebook,Story,Like,3645,2024-01-03,op5sU4STak
LinkedIn,Story,Comment,3807,2024-10-28,XuR75R19nb
Facebook,Story,Save,1356,2024-10-18,WwNC8t52yR
Twitter,Video,Share,7619,2024-01-01,bST8qckdE7
Facebook,Story,Like,9976,2024-04-18,AK1KskZMQ3
Instagram,Story,Comment,9255,2024-05-08,8tfjRK0SVp
LinkedIn,Story,Save,7323,2024-11-10,CNeq5ySZso
Twitter,Story,Like,3712,2024-09-16,46h9hDFvu2
LinkedIn,Text,Like,6102,2024-06-21,1IxlebMgRK
Facebook,Image,Like,7585,2024-04-20,I8xUMv6Pby
Facebook,Video,Share,1971,2024-06-07,jobNuRLYEe
TikTok,Video,View,8412,2024-06-10,7bYFZQSUp7
Facebook,Image,Save,9196,2024-04-17,sbjy946TXD
TikTok,Text,Save,7129,2024-12-27,NsUo9djfUz
Twitter,Story,Comment,769,2024-02-18,dv8iWiYZ66
Facebook,Image,View,1660,2024-08-17,mZNdKtMKXC
Twitter,Video,Comment,686,2024-12-01,ITW4o5IDan
TikTok,Image,Share,3098,2024-06-10,TqVe5LYKAY
LinkedIn,Story,View,1682,2024-06-12,IC3zPmen1i
TikTok,Text,Share,5645,2024-11-18,0QIqSvZJvl
LinkedIn,Story,Comment,8241,2024-03-03,wN9LvwAZd7
TikTok,Poll,View,6423,2024-01-06,4CDVtM3PkZ
Facebook,Poll,Share,39,2024-02-01,Qz3MMvKZQr
LinkedIn,Poll,Share,7523,2024-11-09,dsop6ztQZc
LinkedIn,Poll,Comment,3839,2024-08-10,453pKcug5E
Instagram,Text,Like,1993,2024-03-16,9hglQQpKhb
LinkedIn,Video,View,9356,2024-08-26,hFsfF1c3G1
TikTok,Story,Share,5871,2024-09-01,uhX5jAUdww
TikTok,Poll,View,1543,2024-02-06,wYQIuv0Jz4
TikTok,Text,Comment,2011,2024-12-23,FtVycorXpr
Twitter,Story,Comment,7606,2024-02-28,IFJesX2AQc
LinkedIn,Text,Comment,9539,2024-07-25,yk9svIaZI0
LinkedIn,Poll,Like,6847,2024-02-10,92pJriICyB
Twitter,Image,Share,6691,2024-05-25,fa7Vo3SMez
Twitter,Image,Share,6877,2024-03-28,VuYXPJz01r
TikTok,Video,Comment,3605,2024-04-19,HBHEdXepnC
LinkedIn,Video,Like,1857,2024-09-24,d7i1mmHLeW
Facebook,Image,Comment,7701,2024-07-03,mf6V71dXpI
Facebook,Image,View,3899,2024-03-12,yFfGFncbpL
Facebook,Image,Comment,2686,2024-06-04,70hLIIOIIZ
Instagram,Poll,Share,8338,2024-11-06,9UWXIA3SWN
LinkedIn,Text,Like,7356,2024-09-04,MDg6UWsM8l
Instagram,Video,View,9374,2024-10-08,ARMQiGM1Q8
Instagram,Story,View,8431,2024-07-26,Iw8vKSb8RF
Facebook,Story,Share,7170,2024-01-11,pR9bsGXVre
Instagram,Video,Share,535,2024-04-19,GyFig7A7yo
Facebook,Poll,Share,9722,2024-02-12,czHVPmy2mT
Twitter,Story,Save,4080,2024-05-14,IfUmRYEifz
Facebook,Poll,Like,9260,2024-04-14,BC15W2B8hv
Facebook,Poll,View,7256,2024-09-21,bsG72IjYm3
LinkedIn,Video,Comment,2845,2024-12-18,0g43vtAjID
Twitter,Video,Like,4833,2024-12-17,mjv997YYI8
Facebook,Text,Save,6491,2024-05-12,SCV7IAaPMg
LinkedIn,Text,Share,4600,2024-01-07,lKHW0fGkxN
Instagram,Story,View,7752,2024-07-02,R1sogE3TUZ
Instagram,Poll,Like,8833,2024-09-12,sj9A3x2gCG
LinkedIn,Video,Share,5168,2024-11-01,v79USmUu6A
TikTok,Video,Comment,744,2024-02-04,8vDkPBct20
LinkedIn,Poll,Save,8568,2024-06-01,nBjTGmfkdJ
LinkedIn,Video,Like,4757,2024-02-18,AVFmrW4KX4
Twitter,Video,Comment,8118,2024-05-27,uOcNOjbBqc
LinkedIn,Story,Like,9157,2024-04-19,lsTBzpPYPs
Twitter,Image,Save,5346,2024-01-23,eW3Usj6qOl
TikTok,Poll,Like,5901,2024-07-22,kOxyYi0pSB
TikTok,Text,Share,3718,2024-01-27,Euwd6pdQmw
Instagram,Poll,View,7839,2024-01-15,XG4bvKJWFv
Twitter,Image,Comment,8480,2024-07-11,9W0FSMyvNn
Twitter,Poll,View,3149,2024-06-22,vlzXQPRIyz
Facebook,Story,Save,2176,2024-06-27,AlsYFEf20O
Facebook,Text,Comment,8310,2024-10-24,Avqa7JAAxE
Twitter,Image,Like,7886,2024-07-20,8l8YwvmxxJ
Twitter,Text,Like,1420,2024-10-03,62WrvfCGnJ
LinkedIn,Poll,View,8793,2024-07-12,e4W6MTzfAW
Twitter,Poll,Comment,735,2024-12-24,uwqqpmktKj
Twitter,Story,View,4603,2024-04-04,pyhUJa3g9W
LinkedIn,Image,Like,2445,2024-08-07,BYaEc5Deg4
LinkedIn,Story,View,3573,2024-06-24,vl7FmyQpDn
Twitter,Video,Save,9416,2024-02-17,5cwcRomKRP
LinkedIn,Image,Save,2075,2024-07-19,axaxo9JgzH
TikTok,Video,Save,7653,2024-01-10,GQsc3kPlWe
Instagram,Poll,Comment,4437,2024-07-25,BpCb3ygjbO
Facebook,Story,Comment,1608,2024-08-20,Uhnf0R6aAz
Twitter,Poll,Share,3639,2024-12-10,bhTXSyBwj3
LinkedIn,Video,Save,882,2024-07-06,Xe0cnBd5dH
LinkedIn,Video,Comment,8527,2024-06-02,Xx7XYysbGB
LinkedIn,Video,View,7299,2024-01-03,Av6ZdbirCZ
Twitter,Text,Like,4312,2024-09-06,kUZvfhxoVE
Twitter,Video,Save,751,2024-01-06,a2r74IXCOM
TikTok,Image,Comment,7819,2024-02-09,iXBn2EwS2s
LinkedIn,Text,Share,8628,2024-02-06,GSOiTMODYm
TikTok,Image,Comment,4928,2024-02-19,2jjyKAmm1k
LinkedIn,Text,Share,9733,2024-07-24,FeDgcKCO2N
Facebook,Video,Save,1541,2024-08-08,rHf3teroHR
Twitter,Story,Save,7087,2024-07-13,94R02bAQsZ
LinkedIn,Video,View,8811,2024-04-02,bN1pCM3w32
Facebook,Video,View,5186,2024-06-17,jPo8ji3ITb
TikTok,Story,Comment,9561,2024-06-05,khNGRP6w6T
Facebook,Story,Share,6341,2024-11-05,cNRb6RzMEV
TikTok,Image,Comment,1384,2024-02-26,m9LkifuNme
Instagram,Text,Like,1327,2024-04-17,diEZeO1FAW
Instagram,Poll,Save,8481,2024-04-21,61qEKAnRbj
Instagram,Story,Like,7099,2024-04-19,pNblreO90Y
LinkedIn,Image,Like,6783,2024-07-13,gAZv2qxXSS
Twitter,Image,Comment,921,2024-01-01,kDwV91ejOH
Facebook,Story,Comment,553,2024-05-13,TkSWkUMC1O
Twitter,Image,Save,4768,2024-10-15,ov9yzURNIu
Instagram,Poll,View,4833,2024-12-02,EueKT2SLn3
TikTok,Image,Like,920,2024-03-08,zJKwwDpT8n
Instagram,Video,Like,7864,2024-07-09,d6CohKbK9a
Facebook,Story,Comment,8720,2024-12-03,VLK6cEBLyi
Twitter,Story,Comment,693,2024-04-14,DPHKga7eUt
Facebook,Poll,Save,1633,2024-06-20,bnEn2Z1qax
Twitter,Video,Comment,4547,2024-08-16,d4Spcsicq6
TikTok,Video,Comment,9312,2024-05-01,1EA2dYVgra
Twitter,Image,Like,712,2024-01-17,SSO5wWmrLz
LinkedIn,Story,Share,9060,2024-10-23,JYCQYN04pd
Facebook,Image,Like,435,2024-09-02,Sn02QKXP5j
Instagram,Story,Like,1568,2024-10-21,xyHRJpUBkN
TikTok,Text,Like,5918,2024-04-22,iNO11wLIN2
TikTok,Story,Save,3284,2024-08-07,vqsEuijCWA
Instagram,Text,Save,994,2024-08-11,YGaubVOuqW
Facebook,Text,Save,2543,2024-11-07,NEhcxXKTEM
LinkedIn,Story,Save,9393,2024-03-07,bso7KZO6Qm
Twitter,Poll,View,4868,2024-06-18,dzXUbCE1AA
Instagram,Video,Save,5631,2024-12-03,k0C4xW1TTe
Twitter,Image,Like,3419,2024-04-18,KQuPhqkmTy
Instagram,Poll,Share,8184,2024-11-02,O10kPVpEhr
Facebook,Poll,Save,9865,2024-07-20,Jc3onczuJN
Facebook,Story,View,9962,2024-02-03,rc3PpAcasM
LinkedIn,Text,Comment,7186,2024-03-06,FE8WNYHpYw
Facebook,Text,Save,4902,2024-12-09,8znavlm3pV
Facebook,Image,Save,7212,2024-10-28,MZ06rFn5WM
TikTok,Text,Like,7883,2024-06-02,LJeP4pS6nY
TikTok,Image,View,7860,2024-05-27,eQhF24IqAW
TikTok,Story,Like,3182,2024-06-15,zANwGKeBYW
Instagram,Video,View,9543,2024-06-23,O8Zq81AFRP
LinkedIn,Poll,Comment,6013,2024-08-16,VZP3BauHvF
TikTok,Story,Like,3315,2024-07-03,oYwz9SMFnE
Instagram,Poll,Save,326,2024-03-19,Y6HhVnYVvt
Twitter,Story,Like,1614,2024-02-20,UTtwU4iDXv
TikTok,Story,Comment,5112,2024-10-15,2IxVoseeiM
LinkedIn,Image,Share,561,2024-11-20,OqAP9k2zvm
Facebook,Video,Comment,9531,2024-02-14,5bHMkRzPsl
Twitter,Image,Like,4,2024-07-25,vqLa2QQF5b
Instagram,Video,Share,6634,2024-04-06,JJkhEy57in
LinkedIn,Story,Comment,8449,2024-01-27,r5PPnzKl1d
Facebook,Text,Share,7819,2024-03-19,YKcaubKV5i
LinkedIn,Text,Save,6216,2024-11-23,IgxsmIDlqz
Facebook,Video,Comment,2590,2024-12-24,Ug89GWAQA4
Facebook,Poll,Share,5088,2024-01-19,V9n6cQWbBG
TikTok,Image,View,944,2024-03-24,iwTfwcQomY
Twitter,Text,View,6546,2024-09-21,VEx6721BMG
Twitter,Poll,Comment,2313,2024-05-01,Ev6VzWGfRA
Instagram,Story,Share,4965,2024-12-17,nzG2NI7bSY
LinkedIn,Video,View,9209,2024-04-18,Xe6FTgXkzv
Facebook,Image,View,4322,2024-03-11,gSUu7Zy07Q
Twitter,Text,Share,856,2024-11-03,SlCp3VWxvP
Twitter,Poll,Like,4796,2024-11-25,g2kNp14nZa
TikTok,Text,View,2368,2024-05-15,UqmAVKFBmT
Instagram,Image,Comment,5357,2024-03-17,SMhyeUxprt
Instagram,Poll,View,2613,2024-12-15,At8rGQo1w2
LinkedIn,Story,Share,4893,2024-02-07,6iRtevdxIn
LinkedIn,Text,Save,4970,2024-04-18,WeVfgjJZcE
Instagram,Image,Share,9638,2024-06-04,xXdtRDiTur
TikTok,Story,Comment,4594,2024-01-02,GX0g9UDaGI
TikTok,Story,Comment,5502,2024-12-05,53o6BF88tg
Facebook,Story,Like,1911,2024-01-07,u8okN61Irn
Instagram,Text,Comment,5098,2024-10-01,KaPLBiKAfb
LinkedIn,Image,Save,1031,2024-04-21,E5riXL6y3H
LinkedIn,Video,View,6000,2024-04-14,05J4rNcdXT
Twitter,Video,Like,3433,2024-09-09,M7O4VZLeWh
TikTok,Text,View,6511,2024-02-24,g8qkWfZzSl
Instagram,Text,Like,8299,2024-01-03,ytk82qQ8QK
LinkedIn,Story,Comment,47,2024-09-13,2ln5cxbPNQ
Twitter,Text,Share,2542,2024-11-14,AwNmt3Xwj4
Facebook,Text,Save,5334,2024-11-08,tnktvy6r3Z
Facebook,Text,Share,4679,2024-09-10,aAwmX8Y9Hw
LinkedIn,Image,Share,5983,2024-11-01,5HTcubBEO4
Instagram,Poll,Comment,6337,2024-05-24,RTbPxIqOPR
Twitter,Poll,Share,439,2024-08-08,NvoKgfq5hh
TikTok,Story,Like,5480,2024-11-24,oeehDW6254
Facebook,Video,Save,8698,2024-05-15,YJoANqaIPq
Twitter,Image,Share,9225,2024-09-17,sQxVa9UrN1
Facebook,Poll,Share,6393,2024-07-20,YlZFmQ17nV
LinkedIn,Text,Like,6418,2024-03-25,Gi0XbE3nQt
TikTok,Poll,View,4558,2024-10-15,r05iyq2665
LinkedIn,Text,Save,4205,2024-08-17,8pIGzbs3Xt
TikTok,Poll,Save,6775,2024-10-10,ikMV9lnXU4
Twitter,Image,View,9465,2024-08-24,BgJ8GHdK2R
TikTok,Poll,Like,8556,2024-11-19,unBRMGWE6Y
LinkedIn,Text,Comment,803,2024-12-04,5zrdDcsn9V
Instagram,Poll,Save,1100,2024-08-12,wyCk1BtKs0
Facebook,Text,Save,5922,2024-06-12,AaSavkX27V
Instagram,Story,Share,9566,2024-08-05,vmnLjjmNWe
TikTok,Poll,Share,4675,2024-08-28,4mLb7kJecs
Facebook,Image,Share,3615,2024-10-12,9z2EUikGIV
Instagram,Image,Save,98,2024-01-07,3Wj50QL4kk
TikTok,Poll,Share,6454,2024-10-22,J6u9e3VDsK
Twitter,Story,Comment,2748,2024-02-06,dkJLE6LcnQ
Instagram,Video,Save,3507,2024-12-14,jsJJm3HZTl
Instagram,Story,Share,1774,2024-11-24,vTR4pwxt6z
TikTok,Image,Save,4862,2024-06-26,4u2mTrC0CP
Twitter,Video,View,4934,2024-05-14,1tuZMcOAeq
Instagram,Text,Save,589,2024-08-19,A9fau1MTFZ
Instagram,Poll,Comment,4096,2024-01-23,nN7hOD0Yr7
TikTok,Image,Like,7016,2024-10-12,Ry52SkUYC1
Instagram,Text,Share,1688,2024-04-14,yiQ7ByffEU
Facebook,Image,Save,625,2024-08-24,DHHBEkLryf
TikTok,Text,Save,6230,2024-02-25,pOrFS5RgmI
TikTok,Poll,Comment,8844,2024-12-07,ePF2F3AN6C
LinkedIn,Poll,Comment,408,2024-06-12,D20nBUqa9u
Twitter,Image,Share,4231,2024-07-26,hoKef3t6MG
Facebook,Story,Like,7311,2024-08-03,SHPZEapm3p
LinkedIn,Poll,Save,4314,2024-08-08,h5iFju0Rfj
Facebook,Video,Save,6358,2024-08-26,v2CuUaOJpd
LinkedIn,Story,Like,8502,2024-06-17,uRmhjX6X8T
TikTok,Story,Like,5715,2024-10-10,SSum0BSNxA
Facebook,Poll,Comment,1226,2024-01-22,P6n5rwK8JD
Twitter,Video,Save,6941,2024-03-20,stHmc0bTxn
TikTok,Text,Comment,3960,2024-03-24,CCVEK4z6Eu
LinkedIn,Story,Comment,2382,2024-09-25,hQywdRZA7M
LinkedIn,Poll,Save,7869,2024-05-16,nKt2QB2qaJ
Instagram,Story,Like,887,2024-01-09,aMiKL52BnI
Facebook,Story,View,3970,2024-01-26,DljnIVummd
TikTok,Story,Comment,6545,2024-04-26,bJvD6XbLcd
Twitter,Poll,Like,7822,2024-04-01,lbaQd8LJVv
LinkedIn,Story,Share,3202,2024-05-24,Wm6wxZnsD1
Facebook,Story,Share,9996,2024-09-16,JNMiF3vLx7
Facebook,Text,Save,569,2024-06-01,19ID9oxg38
Twitter,Poll,Comment,3378,2024-01-27,mieCFO3Z3F
Facebook,Story,Like,8915,2024-04-16,VrfHSecq1g
Twitter,Poll,View,3165,2024-01-25,FsEDfFyUxA
Facebook,Video,Share,1020,2024-10-12,bbpHZnfzYb
Facebook,Story,Share,6024,2024-05-22,rz0N2BRlkS
Facebook,Video,View,9618,2024-06-26,THNbDFymeP
TikTok,Text,Share,8558,2024-09-16,07g5A50Nr4
LinkedIn,Poll,Comment,2872,2024-10-02,6SiQ7IFM1J
Facebook,Poll,Comment,4992,2024-03-01,Gg8LYENfRn
Instagram,Story,Comment,7045,2024-11-09,GgxABPfDQ4
Facebook,Poll,View,8673,2024-09-22,JIsacLVhBM
Twitter,Image,View,6024,2024-07-02,hV7I4iTtvy
TikTok,Story,Like,4550,2024-08-12,1lPo1ZgAis
TikTok,Video,View,6012,2024-02-25,N1cu2TMJHy
TikTok,Video,Save,4438,2024-06-28,ioF1bh2GOt
Instagram,Story,Save,2281,2024-08-24,ZGYbN1oXfg
Facebook,Story,View,5545,2024-07-18,OOcnbFJ77u
LinkedIn,Poll,View,7026,2024-05-13,QGZdsx2Jh8
Instagram,Text,Comment,736,2024-04-25,85b22vz1fo
Facebook,Video,Comment,8926,2024-12-14,GkIdCf1mzb
Facebook,Story,Share,8744,2024-07-27,92XONFeg3j
LinkedIn,Story,Share,9383,2024-02-18,Ts2mU01ywG
Facebook,Image,Comment,3529,2024-08-09,vlIlJNhs3T
TikTok,Image,Like,6899,2024-06-14,JA9luZHh4A
TikTok,Video,Like,2094,2024-11-28,w7vjvQRrEc
LinkedIn,Video,Like,1313,2024-09-09,11GeWZ9GND
TikTok,Text,Share,7668,2024-12-05,AmfvHqf2hJ
Twitter,Text,Like,1975,2024-06-18,CTVemaccGa
TikTok,Text,Comment,7544,2024-02-26,zILQ3yAVh7
Facebook,Video,View,1838,2024-03-16,GyYxMzhCiR
TikTok,Text,Share,7104,2024-11-19,BzIvneujUh
Facebook,Text,View,9146,2024-12-25,Hbnic5A7fJ
LinkedIn,Poll,Comment,4884,2024-08-19,sXAVFD39cm
TikTok,Text,Comment,4621,2024-12-15,NICfl3mar6
LinkedIn,Story,View,4514,2024-09-19,bWPFgq7w3p
LinkedIn,Poll,Save,2539,2024-09-02,e5JAqtn5m3
Twitter,Text,Like,4681,2024-07-16,1f4NkAqTuK
TikTok,Video,View,4766,2024-07-21,uaEpfG0Upk
LinkedIn,Text,Comment,5862,2024-04-05,BnRnf7R8Qs
Instagram,Poll,Like,4306,2024-10-11,bvXZlZEOVt
Instagram,Video,Comment,3312,2024-03-06,BG1pdvsc3D
Instagram,Video,View,176,2024-12-13,be02F2QpaG
Instagram,Story,View,6701,2024-12-15,lJxLdHoSJr
LinkedIn,Text,Save,1496,2024-08-04,w3o6tBJ80k
TikTok,Poll,Like,5466,2024-01-13,7zHRXfK7gu
Twitter,Text,Save,3969,2024-01-26,fWDHrlfNs3
TikTok,Story,View,3303,2024-08-15,ukDmIOONab
Twitter,Text,Share,5217,2024-01-14,CVV1F170Z6
LinkedIn,Image,Share,6236,2024-08-26,ZRLmYrdWMD
Facebook,Poll,View,9598,2024-03-22,piPVwzTjgu
Twitter,Text,Save,3456,2024-08-04,nefdDqxc6n
LinkedIn,Image,View,8893,2024-12-12,eddQheEHl3
LinkedIn,Text,View,1030,2024-12-28,ZRdfdjaLJQ
Instagram,Story,Comment,8259,2024-08-10,4BJCvQHMyW
TikTok,Poll,Comment,6024,2024-11-20,OKSwUc9z3q
LinkedIn,Image,Comment,4846,2024-10-01,doBVftLQGn
Facebook,Video,Comment,1901,2024-10-23,BaJppxTZYn
TikTok,Text,Share,2726,2024-11-10,fWA1Fx3AbX
Twitter,Video,View,4854,2024-12-09,qSoBwOkMLF
LinkedIn,Image,Share,5529,2024-11-06,dEeA7FecJw
LinkedIn,Image,Share,6367,2024-03-18,ritYxSZTKK
Facebook,Story,Like,3211,2024-11-21,iaf39zORcr
Facebook,Video,View,7769,2024-07-14,B2AB0BKOHp
LinkedIn,Text,View,5056,2024-06-09,T0liQqarF2
Instagram,Poll,View,3829,2024-02-05,QWi2dBGAUK
TikTok,Story,Share,1182,2024-11-10,bIK2YOiY0B
Twitter,Image,Share,2680,2024-07-19,Mp2Fxf7aVr
TikTok,Image,Save,8343,2024-04-11,HRXUweoBUI
TikTok,Story,Like,9093,2024-09-23,SuYIATJ6iR
Facebook,Image,Like,2321,2024-03-05,OCWK4Eie8C
Twitter,Image,Share,115,2024-04-23,PQMFPVrlLy
LinkedIn,Poll,Share,7795,2024-05-13,ofUsde3VoK
TikTok,Poll,Share,7538,2024-07-15,yFAghaMlQ2
TikTok,Poll,View,3060,2024-02-27,lz3fXy4P8f
Facebook,Story,Save,2907,2024-01-17,Y3S38uYwO7
LinkedIn,Story,Save,377,2024-04-06,OcHNrWNxQF
TikTok,Text,Save,5583,2024-04-01,xrkak8jamp
LinkedIn,Text,Save,6765,2024-11-04,Q8i8etFJ85
Facebook,Poll,Like,2883,2024-08-27,0yCMr7FDwQ
LinkedIn,Story,Comment,5384,2024-10-06,LpRdjkKnQM
Instagram,Video,View,2616,2024-10-07,jkFWHey8pK
Facebook,Poll,Like,3480,2024-04-18,lpQMcMGjeg
Twitter,Text,Save,8490,2024-06-18,uXePB55ah8
TikTok,Story,View,7204,2024-08-24,Ogj9HKDsJi
Facebook,Text,Like,6297,2024-06-15,nKAmvEtQbm
Twitter,Poll,Like,2128,2024-10-28,xNt8rQVYpa
TikTok,Poll,Like,213,2024-03-24,LAsaFR9Y8a
Twitter,Video,View,5606,2024-10-04,AeowigYKQt
Twitter,Story,Share,740,2024-12-12,RPUjt2UBSd
Instagram,Video,Share,7520,2024-07-02,xm6s0QIIFS
Facebook,Video,View,7540,2024-05-08,uCIqQCMEcr
LinkedIn,Story,View,860,2024-11-15,5ulbb0oB3s
Facebook,Image,Share,7588,2024-04-28,apgaddvQrq
LinkedIn,Poll,Share,8633,2024-11-22,3E8ogWZguQ
Instagram,Image,Share,5669,2024-04-14,fieIBdC5DM
TikTok,Poll,Like,7327,2024-08-01,N6jfue00rf
TikTok,Video,View,7866,2024-12-01,tDzsmVTO4X
LinkedIn,Image,Like,5906,2024-11-11,tR2N3IDuWD
Twitter,Poll,Save,6143,2024-01-24,l2qr0z5TGY
Facebook,Text,Save,6454,2024-11-09,n9q4TxK3JO
Instagram,Poll,Comment,3156,2024-04-12,yfKzfUl1ua
LinkedIn,Text,Share,7529,2024-10-16,GcdKTleSte
TikTok,Text,Share,4306,2024-11-08,3MKyCtNjzU
Facebook,Story,Comment,852,2024-06-21,wUG6Pzqlw9
Instagram,Text,Share,5796,2024-12-12,ILNNKVv35J
LinkedIn,Image,Like,6205,2024-01-27,wTUco9pqGb
Facebook,Story,Share,407,2024-10-01,3f2S7l2Mu6
Twitter,Image,Share,7915,2024-10-18,UfFmmcbmn4
Twitter,Story,Like,9589,2024-02-22,Ne7yX1cGq6
Instagram,Poll,Save,4479,2024-03-17,nhWHFTpoY7
Instagram,Text,Like,4041,2024-10-05,H18wiIWx7A
Facebook,Poll,Save,5883,2024-12-11,4UTYALrVyQ
Twitter,Story,Save,5634,2024-07-01,8HJH0myAh0
Twitter,Video,Share,6136,2024-01-06,pyRt9g3eIS
Instagram,Text,Like,3718,2024-11-04,dvz0kgEsS8
LinkedIn,Text,Save,6441,2024-03-06,Yy8q8oZfHf
Facebook,Story,Comment,6059,2024-07-18,GMFVvc7W2Y
Facebook,Story,Like,6524,2024-08-01,WqBi0RiitA
Twitter,Image,Share,2493,2024-07-14,8wulud3Cn2
Twitter,Text,Save,9369,2024-11-10,86eTiqH7bT
Facebook,Story,Like,7090,2024-09-02,11SlECb8F8
Twitter,Image,Share,9859,2024-05-01,DydkX4RyTl
Twitter,Video,Share,5614,2024-10-05,Rp9APCrBjt
Instagram,Poll,Like,205,2024-09-13,JOF5hTOtyx
Facebook,Poll,Like,1298,2024-09-21,dXIyqnYTta
Facebook,Poll,View,4733,2024-12-12,yArP2kUn6O
Twitter,Poll,View,403,2024-08-25,X0Z43UpeS3
LinkedIn,Image,Save,2947,2024-12-08,mMJfZOYCK9
Facebook,Story,Share,131,2024-06-13,XCfsyaDECt
Instagram,Image,Share,1266,2024-01-15,aCTjG1Wsau
Facebook,Poll,Share,9343,2024-02-26,P9MTkytANC
Facebook,Image,Share,2602,2024-11-20,DCBoaUgmhd
LinkedIn,Video,Share,178,2024-05-03,VFsMxrs90o
TikTok,Image,Save,3681,2024-01-02,LNZxVdZrZj
Twitter,Story,Like,9077,2024-11-09,8W4iSCjncA
Instagram,Poll,Comment,2526,2024-02-12,4K9ndGpZnf
Instagram,Video,Share,9475,2024-08-17,sVpF7Pj5Za
Twitter,Poll,Comment,1887,2024-11-14,vVQLQpUELw
TikTok,Story,Comment,7876,2024-08-16,ziVxril6op
Facebook,Text,Comment,3843,2024-09-12,ylCyyh8Jym
TikTok,Poll,Share,8508,2024-03-20,RYhjCi5i6X
Facebook,Image,Save,2021,2024-05-06,PnLNg9Qgqu
Twitter,Story,Save,8203,2024-04-11,Xi0MBFtBtg
TikTok,Video,View,1225,2024-01-18,FI5p3doXo6
Twitter,Text,Like,9261,2024-12-22,XmdBjXret9
TikTok,Video,Share,1060,2024-04-02,YcP475K6II
TikTok,Video,Save,644,2024-09-24,ltt4hvNe6E
LinkedIn,Story,Comment,2243,2024-12-27,02NyLPkek5
LinkedIn,Text,Share,586,2024-07-26,8nVhjf5t8I
LinkedIn,Poll,Share,1656,2024-09-09,JSGVcdA4Zh
Instagram,Image,Share,5972,2024-08-01,LBR0ld7pwJ
Facebook,Poll,Comment,2152,2024-01-11,d1tl8mLCkc
Twitter,Video,Like,4808,2024-05-03,GUXccciiRX
LinkedIn,Video,Save,3772,2024-03-27,XvZL0PYjfU
Instagram,Story,Share,4337,2024-12-04,w01AcottS5
Instagram,Text,View,9109,2024-11-26,hJQOOLNTk6
Twitter,Poll,Save,2493,2024-01-28,RnQJj1g7nc
LinkedIn,Text,Save,7384,2024-09-04,QoQqyhdpTR
Twitter,Story,Comment,8728,2024-04-27,ffpoJaqOKv
Facebook,Image,Like,1395,2024-03-28,glQnRDMHx5
Twitter,Video,View,9089,2024-01-18,urH4ewr35o
TikTok,Image,Share,3531,2024-05-02,2NQs83ZVcn
Facebook,Story,Like,284,2024-10-19,u9XsZ7MBez
LinkedIn,Story,Share,7726,2024-03-07,DKJoZNPb6g
LinkedIn,Poll,View,6747,2024-12-15,BtMmha3kDW
LinkedIn,Image,Like,916,2024-03-11,z4w2hp84ho
LinkedIn,Story,Comment,8601,2024-11-24,npljWPSaqn
Facebook,Story,Comment,1892,2024-01-25,hTFIJwcL63
Instagram,Story,Share,5952,2024-10-04,8yx7kLjmRp
Twitter,Image,Share,7114,2024-09-16,LTSP8c0Dkh
TikTok,Story,Save,5054,2024-11-26,6EmRolWQE7
LinkedIn,Poll,Comment,1688,2024-12-26,8BlGM0SEBD
Facebook,Text,View,4046,2024-02-18,dX5pqBAHSB
Twitter,Story,Like,3004,2024-01-09,2XG9uKXXbX
Twitter,Image,Save,8251,2024-07-12,Ta56xgwvv5
LinkedIn,Image,Save,2020,2024-08-09,oh2zExsKhX
LinkedIn,Video,Save,2044,2024-07-01,56oPwFqUhU
Facebook,Poll,Save,8777,2024-05-10,mhwkGMY18Y
Instagram,Image,Comment,2724,2024-01-16,55WYO7uKb2
Twitter,Story,View,2406,2024-10-11,9V0yiqOdpu
LinkedIn,Video,View,3904,2024-03-18,POTbNWyt5K
LinkedIn,Image,Share,3583,2024-06-20,EHEm79fQlo
Instagram,Story,Share,2504,2024-05-18,gjKOx9yxSS
Instagram,Poll,Like,7002,2024-09-16,QMNmCGFRRe
LinkedIn,Story,Comment,5235,2024-01-13,KErukqeBlD
TikTok,Text,Like,6045,2024-02-22,bXwjFwLBoP
TikTok,Image,View,7049,2024-02-02,EwjEvwhIZh
Instagram,Video,View,6722,2024-08-11,mx6dnIZtam
LinkedIn,Video,Like,3296,2024-03-26,hWxFALwBuk
TikTok,Text,Share,4388,2024-09-18,pndhI78P5t
LinkedIn,Poll,Share,3348,2024-08-12,Iqv75ws7mm
LinkedIn,Story,Share,5779,2024-09-07,yDsQkxjCxC
Twitter,Story,Comment,292,2024-06-13,X3H89vHf1s
Instagram,Poll,Comment,9509,2024-05-09,PAcXTrljin
Facebook,Image,Share,751,2024-02-20,xQV93gTwc9
Instagram,Story,Save,9900,2024-05-02,p7CEfkhM5D
LinkedIn,Story,View,8845,2024-06-02,WG78NKepEJ
Twitter,Poll,View,7556,2024-03-26,6oKgaThFLC
LinkedIn,Image,Like,2476,2024-03-26,8ultAnxSs4
Instagram,Story,Comment,8855,2024-10-12,F5BLagotc4
Facebook,Image,View,9377,2024-04-09,z87Azm9rfL
LinkedIn,Image,Like,3729,2024-02-01,C9xjWt1gAS
LinkedIn,Video,Save,6134,2024-12-21,NXoUWVIVWI
TikTok,Poll,View,8149,2024-01-13,qud7IjzbyB
TikTok,Poll,Like,8898,2024-01-02,1YLgTMbGFX
LinkedIn,Story,Like,5673,2024-03-13,fbdFabYqwu
LinkedIn,Text,Share,4021,2024-09-26,nf6n6PwiOZ
Facebook,Story,Comment,2006,2024-07-08,kcXeyHbnkN
Twitter,Video,Share,2,2024-09-18,7uX2NW2z1D
Facebook,Video,Share,8900,2024-03-10,Mi9idN6hML
LinkedIn,Image,Share,2025,2024-09-27,mRu1w24zwV
Instagram,Poll,Share,7022,2024-09-27,Y31TELrvEZ
Twitter,Image,View,3686,2024-03-05,xthNxz3jtA
Facebook,Story,Save,5745,2024-01-01,PDI5EMa5ZI
Instagram,Poll,Save,9981,2024-12-24,Vo6CUDATcQ
Twitter,Poll,Comment,6966,2024-01-12,RWP0OfjWaX
Facebook,Text,Comment,8671,2024-08-07,XlRo5v2css
LinkedIn,Video,Comment,3932,2024-03-16,RUxQMx2C9p
Instagram,Video,View,3598,2024-10-04,iBxmSGZQ6l
Facebook,Story,Share,4998,2024-08-24,AHiFQP0Unj
TikTok,Video,Comment,8958,2024-10-08,tPTP6rdr4x
Instagram,Story,View,9131,2024-02-04,AZKk773WQg
LinkedIn,Video,Like,713,2024-06-25,zwNcmPxRYW
Facebook,Image,Comment,1422,2024-11-09,QyAO8Vq4Nz
Facebook,Image,Comment,322,2024-01-27,LsAnfkIujP
Facebook,Image,Comment,3891,2024-05-09,9rG7MjPdLO
Twitter,Text,View,666,2024-05-17,h1b9QGtjCm
Twitter,Video,Comment,1133,2024-09-18,aiZQPtVPGx
Instagram,Image,Save,5685,2024-06-15,mawgjc6ZBm
Twitter,Text,View,7189,2024-07-15,i7KAidIsGR
Twitter,Text,Share,1994,2024-01-08,g9MAPPLg5N
Twitter,Image,Save,4012,2024-12-18,s7ulWvdHI4
Instagram,Story,Comment,3006,2024-12-28,QUPh3MmKGO
Twitter,Text,Like,3734,2024-04-19,S9q9yaIoxo
TikTok,Video,Comment,9163,2024-12-01,b9RNG5r3y6
Twitter,Image,View,6592,2024-03-03,Dl8QssgnTb
Twitter,Story,Save,9529,2024-10-14,XWFrGEG34U
Facebook,Text,Like,5647,2024-12-24,cV9fTxWwAK
Instagram,Poll,Share,3331,2024-10-28,jiQqQndTQg
LinkedIn,Text,Share,4733,2024-08-25,Oan4D2ofC5
LinkedIn,Story,View,1117,2024-12-28,utS6fI2DPM
TikTok,Story,Comment,2212,2024-06-07,ueFYNgOxeZ
Twitter,Video,Comment,9531,2024-10-17,DLTcO4FV0q
LinkedIn,Story,Save,9697,2024-01-24,PNgmE1iRSG
Facebook,Video,Like,9359,2024-09-15,uTBs7ctchm
Instagram,Image,Like,4857,2024-02-14,Tleb8O6uG3
Instagram,Video,Share,7196,2024-01-07,O4ENm7gUaQ
Facebook,Text,Save,2066,2024-12-07,hNV5AEq0Il
Facebook,Story,Save,1017,2024-06-19,pFzDM5zjbp
TikTok,Story,Comment,6175,2024-11-18,gbYhEWuEzT
Facebook,Poll,Share,4713,2024-05-02,EdkUmM9zXA
Twitter,Text,Like,9260,2024-10-09,CKvrtgnKGt
LinkedIn,Video,View,6917,2024-03-03,zhbyVefqBm
TikTok,Text,Like,6575,2024-09-06,IVUx7UNYq4
TikTok,Poll,Like,5938,2024-06-11,YlIEsF0SKI
Instagram,Video,Like,2834,2024-01-23,mSCCe4DVcX
Facebook,Image,Like,4282,2024-08-05,7Z84JklIqN
TikTok,Text,View,4259,2024-01-03,WFBOl1A6V9
Instagram,Story,Share,1219,2024-03-03,v3Q9BphFWg
Facebook,Video,Comment,4378,2024-08-20,B2ZAhr5a7p
Instagram,Video,Save,8599,2024-06-26,EKmODDdobS
Instagram,Text,Comment,9370,2024-08-09,y9wOr3BCvx
Twitter,Poll,Comment,3944,2024-08-03,DO76Ek6uOY
LinkedIn,Video,View,1901,2024-08-03,rtWvvE2N9H
LinkedIn,Image,View,907,2024-07-02,EgUzZ2DQ59
Facebook,Video,Like,1134,2024-05-12,wcNmqQUWPi
LinkedIn,Poll,View,1081,2024-12-02,ZBiptX4SAI
TikTok,Story,View,6445,2024-09-09,uGRNGfa4fl
TikTok,Image,View,1585,2024-10-12,2TEGc8w4ur
LinkedIn,Text,View,7838,2024-11-07,OemQ0WvDTs
LinkedIn,Video,View,6270,2024-11-16,UBgQjYk56u
Instagram,Text,Comment,9898,2024-11-19,AoNX96aXbJ
LinkedIn,Video,Like,6356,2024-11-12,spX7EbDn6l
TikTok,Poll,View,1645,2024-12-12,gHwXjSSAl6
TikTok,Story,Like,2890,2024-03-09,SEU9HePfqO
LinkedIn,Poll,Share,5216,2024-08-04,vJMsEHtQbs
TikTok,Image,Save,8552,2024-07-26,97gENxZH0w
TikTok,Text,View,5575,2024-05-05,Zrl89AbOLV
Twitter,Story,Save,7750,2024-03-24,D15hvnTRZN
LinkedIn,Story,Save,5573,2024-09-15,LsnB1dxitG
LinkedIn,Story,Save,5150,2024-01-10,uiKGxWU3w7
Twitter,Image,View,3086,2024-06-02,0pxKplwmqw
TikTok,Poll,Share,6167,2024-02-21,aWZXULTFfw
Facebook,Video,Like,7211,2024-06-21,LM3FEMATm5
Facebook,Text,Comment,5279,2024-07-17,ugZpvoHizF
Twitter,Video,Like,2461,2024-02-11,peJMj0e9Uo
LinkedIn,Image,Save,165,2024-09-02,UEHkpHpFMX
Twitter,Image,Like,7464,2024-07-19,ZP3op4iByi
TikTok,Text,View,4518,2024-02-06,Suckz9DFeu
Facebook,Story,Comment,8875,2024-05-19,Rh7XVE036d
TikTok,Video,Save,2580,2024-06-02,B41oENUEPG
Instagram,Story,Save,257,2024-03-14,YKBM0kphgY
Facebook,Image,Comment,15,2024-12-25,WJ6YTdI6W8
Facebook,Poll,Like,2737,2024-03-04,yctQLwVQke
Twitter,Image,View,5428,2024-12-03,KDXHM3FZPU
Facebook,Story,Comment,5684,2024-02-15,BVk1CDljg3
LinkedIn,Text,Share,5898,2024-01-18,QPTJ4IW2SR
Facebook,Story,Comment,3426,2024-08-10,4HQ2Qgi5hk
Instagram,Image,Share,6916,2024-04-01,0Y1mFuvbGd
LinkedIn,Story,Comment,6368,2024-08-07,zbv0adXSFY
Instagram,Text,Like,9560,2024-05-22,XX4QNO2RLY
TikTok,Text,Share,6904,2024-06-03,9e97qC3FJA
TikTok,Poll,View,5586,2024-12-17,KRIKzkGeVb
TikTok,Story,View,7579,2024-11-17,WrqDlOvJiX
Twitter,Text,Save,2054,2024-03-10,h644EBgESQ
TikTok,Text,Save,4353,2024-09-11,XjBRIzTX0Z
TikTok,Text,Save,9343,2024-09-10,WdaDyB6k4k
Twitter,Image,Save,3965,2024-12-06,0FQ7ULtjPh
Twitter,Poll,Comment,4068,2024-07-15,2Bi5nvmUFv
Facebook,Video,Share,5422,2024-12-13,XJjqPOvmPB
LinkedIn,Video,Comment,1949,2024-03-09,CgZD53Vvw2
Instagram,Image,View,2537,2024-01-26,d0nlxiG2WX
Twitter,Image,Save,5237,2024-11-20,UFntII2N3E
TikTok,Poll,View,4915,2024-11-24,18upba5BIj
Instagram,Video,Share,2712,2024-05-25,pqBI7t6OAS
Twitter,Story,View,6509,2024-07-19,2rQbrhxjNG
LinkedIn,Image,Like,2242,2024-05-07,qO3L7xGfh2
LinkedIn,Poll,Like,8301,2024-01-28,oOUqqzMM0b
LinkedIn,Image,Share,176,2024-11-24,wHOif3kXlj
Instagram,Text,Save,1274,2024-11-11,Gasb5oelc9
TikTok,Text,Share,9881,2024-02-14,epr6RaIFfQ
Twitter,Text,Like,8314,2024-01-18,nr3dTMWtBC
TikTok,Poll,Save,2192,2024-03-10,1gqG0c0KmM
LinkedIn,Text,Like,3494,2024-07-14,zOmHuodzhR
TikTok,Story,Share,3443,2024-04-13,7A1tIdwgnY
Twitter,Image,View,3380,2024-09-06,KVxdhTYdc0
Twitter,Text,Comment,5403,2024-05-14,BKwiWIFKVU
TikTok,Poll,View,1387,2024-02-09,9vrh5RH5E9
Facebook,Video,Comment,8439,2024-01-20,1F1G829jfk
Instagram,Story,Share,5733,2024-09-26,Pfr1WKL1YQ
LinkedIn,Story,Comment,6754,2024-04-26,BBXLKqS118
TikTok,Poll,Like,4551,2024-04-09,9t0uNjUIMP
TikTok,Story,Like,6399,2024-12-07,z91SjDeRzF
Facebook,Poll,Share,3496,2024-05-14,I4riXUUmcx
Facebook,Poll,Save,7550,2024-07-09,ELuttQL1MT
LinkedIn,Image,Share,3474,2024-01-14,gjd5Ys3nMQ
Facebook,Story,Like,3081,2024-02-16,a1JXXoS5KX
Twitter,Story,Save,8106,2024-06-19,ip4SITBqZ4
TikTok,Video,Like,2406,2024-10-12,I8DX3quVBC
Instagram,Video,Like,7993,2024-12-28,0DyUBVCARS
Facebook,Poll,View,6355,2024-05-12,P3270I0F4R
Instagram,Video,Like,6135,2024-03-03,NeNS5ECTpX
Twitter,Poll,Share,548,2024-12-21,AUNrGmhDAG
Facebook,Image,Like,4458,2024-08-03,2RROT3V0NJ
TikTok,Poll,Comment,6677,2024-08-19,TQwXssH2cI
Twitter,Image,Save,5826,2024-07-24,LTJmon4vMl
TikTok,Text,Like,9179,2024-06-02,VI9dLXH2sL
TikTok,Poll,Like,6306,2024-11-27,MhNXABpl4Z
Facebook,Text,Share,9454,2024-02-01,Pv6RAXTeuG
Facebook,Text,Comment,6598,2024-02-04,WFME32ZCf8
LinkedIn,Video,Save,667,2024-07-23,pTBJXWcXCW
Twitter,Text,Save,1540,2024-02-19,dCuUFMpK3W
TikTok,Image,Share,9881,2024-06-25,VSl50GvJVY
LinkedIn,Video,Save,2181,2024-05-04,UUqNJEzuaS
Instagram,Story,Share,3500,2024-02-19,3XcUzmBdY9
Facebook,Image,Like,2364,2024-03-02,zr1albrnGu
Twitter,Video,Share,7027,2024-01-26,5qTfuyUbRQ
TikTok,Poll,Save,3031,2024-11-12,RoqNb8vadc
Facebook,Video,Comment,7709,2024-09-12,y6ykotsg9a
LinkedIn,Text,View,1024,2024-12-04,tN0MfpN7Mq
Facebook,Poll,Save,976,2024-12-12,QsApWyHr6N
Instagram,Story,Share,6840,2024-09-24,qCLxbJZuzF
Facebook,Video,View,3281,2024-12-17,HHK0CZVsYg
Twitter,Poll,Like,9404,2024-04-13,0RqkRZT4Ih
LinkedIn,Story,Comment,4987,2024-08-19,5Quvq1LP1e
Twitter,Image,Save,7474,2024-04-12,TMytRRcq6L
Instagram,Image,Share,4236,2024-04-22,PCVyndLrne
Twitter,Video,Save,4922,2024-03-11,aZXfLMd3r1
TikTok,Story,View,8215,2024-05-14,Tgbe54Ye0N
TikTok,Video,View,2557,2024-03-23,zoriOSAsJg
TikTok,Text,Comment,9492,2024-12-02,cvZ588z6kl
Twitter,Story,Like,9877,2024-10-12,Lh3bq4lk8P
LinkedIn,Video,Comment,299,2024-12-25,Li6ceHai9b
Facebook,Text,Like,6652,2024-04-02,ngSLRnBdje
Facebook,Image,View,3648,2024-04-04,KayaZ0Imw1
TikTok,Story,Save,9205,2024-04-24,YI5CXvcIyO
LinkedIn,Image,Comment,2390,2024-11-16,CIRD1GERMH
Instagram,Poll,Like,4500,2024-03-28,mV5158jxsj
LinkedIn,Text,Share,9888,2024-01-17,lUtf7WNKHM
Instagram,Image,Share,933,2024-01-13,NtjnxJs7Jn
Twitter,Poll,Share,1621,2024-09-21,wX9kFbKzZB
Facebook,Text,Save,7331,2024-03-15,JlibTmyh9Y
Instagram,Poll,Like,7657,2024-10-25,MSoCfpIrUf
Facebook,Poll,Save,7696,2024-08-26,CwpMxsRb4H
Twitter,Image,Comment,918,2024-03-18,oj2pRbcumX
Facebook,Video,Share,3019,2024-04-09,iLPGhd5TN5
TikTok,Poll,Comment,4221,2024-01-26,6A5c6S9PBJ
Instagram,Image,View,1041,2024-10-16,jFQ0LrO6xK
Twitter,Poll,Save,112,2024-04-10,xH0z3Jadoe
LinkedIn,Text,Like,2960,2024-02-17,SVm7jM36RL
Twitter,Video,Like,6852,2024-04-26,KTqXSdBgbX
Instagram,Image,View,5372,2024-02-14,OVJg2lwpki
TikTok,Poll,Share,6098,2024-12-24,Nbh8LGYvxT
Instagram,Video,Comment,7822,2024-02-24,MI5dzA3cKX
Facebook,Text,Save,6015,2024-05-03,mvjFRJNlLq
LinkedIn,Story,View,318,2024-01-24,ukTdDGCmXD
Facebook,Image,Like,4626,2024-02-18,d2PyEBSoLj
LinkedIn,Image,Comment,7824,2024-09-25,GY7RaTLStw
Twitter,Image,Save,6186,2024-06-16,SC3BegXHEr
Twitter,Text,View,8006,2024-04-26,0KWuybGWiv
Instagram,Video,Comment,7629,2024-07-09,WfCCJ07CCg
TikTok,Image,Share,803,2024-10-22,tYockZzxEi
LinkedIn,Story,Comment,2640,2024-02-20,Vqzi91EDGT
TikTok,Image,View,9113,2024-02-19,9otFu5F1D7
Twitter,Text,Like,240,2024-10-13,VGBMTQiKmh
TikTok,Image,View,1351,2024-07-26,sQFErJ5RTC
Twitter,Video,Save,328,2024-11-06,Jv5vGc6olu
TikTok,Story,Comment,734,2024-12-21,HgaKkPeypL
TikTok,Text,View,9583,2024-01-12,5N3yg5FeJu
LinkedIn,Poll,Like,517,2024-05-17,I2tdyZvDKc
Instagram,Image,Share,2279,2024-04-11,BXEvB5qqUr
Instagram,Image,View,7246,2024-03-17,hQIqntEEVP
Twitter,Poll,Share,7152,2024-09-10,d2tswLED1Q
Facebook,Video,Comment,1671,2024-09-20,KU3Y9Mtu1y
TikTok,Video,View,646,2024-03-22,fPRBpuA3rD
Twitter,Video,Like,4546,2024-01-04,U7Kf3e5cKa
TikTok,Poll,Comment,8028,2024-05-02,tT2UBVM5wz
Facebook,Video,Share,2556,2024-08-20,MR54zJjLki
LinkedIn,Story,Comment,4403,2024-10-18,EocLAlQ9OQ
Facebook,Image,Share,5633,2024-03-23,M1ihE8wC0f
Facebook,Story,Comment,8486,2024-03-27,WQdPluY2TK
LinkedIn,Poll,View,4262,2024-01-24,8mjCl77xhW
Twitter,Story,View,7014,2024-08-03,cVM9ksxqm4
Instagram,Image,Like,9782,2024-12-13,Qb3erLGR8a
LinkedIn,Story,Comment,7971,2024-03-08,i7JijSCpRF
Instagram,Text,Like,9594,2024-04-07,B8bopWk3bH
Facebook,Video,Like,31,2024-09-11,LCzIaAkPBv
TikTok,Video,Save,6460,2024-01-09,Xhlh3goba4
TikTok,Image,View,4545,2024-02-26,6FlmyLM1vg
LinkedIn,Story,Like,7145,2024-02-07,znHLnvvifF
TikTok,Video,View,1335,2024-07-06,xPsoHUBlLF
LinkedIn,Story,View,7351,2024-03-09,4RoHPLcngo
Facebook,Story,Like,1351,2024-04-16,jbkbJzBsgm
Twitter,Image,Like,5343,2024-03-26,ThsakNE0gV
Instagram,Story,Comment,1303,2024-04-12,g02RbYxQu2
Facebook,Story,Share,7910,2024-05-23,P5NVQ1FFV5
Facebook,Video,Comment,7251,2024-05-09,FPsaOfEHDL
Instagram,Image,Share,4254,2024-09-14,bRQTA7VpZJ
Instagram,Poll,Share,7196,2024-06-11,JLLiOarJIh
Twitter,Image,View,4074,2024-03-27,0vIFAwzLMo
Twitter,Image,Share,8020,2024-01-09,VRwB6rneVF
TikTok,Poll,View,9188,2024-04-21,k0lJbsGVcs
LinkedIn,Image,Comment,616,2024-12-23,tKeENYFvNA
Instagram,Video,Save,7604,2024-07-15,KrqBhAIAcU
Instagram,Text,Comment,7307,2024-04-01,sYPePNqlet
Twitter,Text,Save,6984,2024-01-28,PWvmJJlWUH
Instagram,Story,View,5050,2024-05-08,uh829IaJ0Q
Instagram,Video,Share,7820,2024-07-10,GM6DrTiGQs
LinkedIn,Video,Like,3665,2024-04-18,WCxrmxSAka
Twitter,Video,Share,9055,2024-04-15,rJYlGiyyls
Twitter,Video,View,6922,2024-12-19,KOVHroUzhQ
Facebook,Story,Like,765,2024-05-13,pptz4xnM6B
Instagram,Image,Share,118,2024-09-03,aFRI5nrAlD
Instagram,Poll,Comment,9942,2024-07-05,eqdOv19Q0E
LinkedIn,Video,Like,8765,2024-01-22,aO0F2qt2Np
Twitter,Story,Comment,9806,2024-02-11,vMVvvZNhkM
Instagram,Video,Share,2684,2024-06-14,ICOzP2TrWx
Twitter,Text,View,3339,2024-09-19,YrYGWStblX
Facebook,Story,Share,4079,2024-03-11,l7fcUXNZGE
Twitter,Text,View,4006,2024-11-12,9a20sG7eNX
LinkedIn,Image,Save,2907,2024-04-15,MH37c3EqI9
LinkedIn,Video,View,4204,2024-06-15,wNycdnBLqJ
Facebook,Video,Comment,6163,2024-07-18,b0wVyu08u2
Instagram,Poll,Comment,7132,2024-09-09,NiekyAE6JO
Instagram,Image,Comment,6412,2024-01-15,PYBSvSiQPM
Twitter,Story,Like,3711,2024-07-25,medD6snbRX
Instagram,Image,Save,7428,2024-01-05,r1fJNbFOlI
Instagram,Video,View,1584,2024-07-28,5sCK1dUELr
TikTok,Story,Like,6106,2024-03-13,BtO3IA06FQ
TikTok,Image,Like,3810,2024-01-17,hk9b4Eo5SV
Twitter,Image,Comment,9504,2024-12-01,BXFW8MoPwe
Instagram,Video,Like,6711,2024-03-27,022CHhy66v
TikTok,Image,View,2919,2024-05-12,Fx1AB67P6k
Instagram,Poll,Like,1752,2024-08-18,xJH0wcb5lY
Instagram,Story,Comment,4999,2024-08-25,NVMYSV7j0r
Facebook,Image,Save,3791,2024-04-28,tqsqSMV6f3
TikTok,Story,Comment,2107,2024-01-18,HTk0lMS86F
LinkedIn,Image,Comment,1778,2024-09-03,8AJPWo8hW7
LinkedIn,Image,View,5500,2024-07-09,umFwShSHrv
Twitter,Text,Save,5302,2024-06-04,vTapP6UECc
Facebook,Poll,Save,2912,2024-11-15,dtF7puMh6C
LinkedIn,Image,Comment,8598,2024-10-24,khwq1ThN0d
Instagram,Image,Like,3703,2024-08-05,msFBdktAZh
TikTok,Poll,Share,8101,2024-07-18,dxAfZecTXW
Twitter,Poll,Share,9461,2024-08-23,Qt7BXhFQAp
Facebook,Text,Comment,6415,2024-04-15,UbNVvgpbYN
Twitter,Video,View,190,2024-05-20,3oQzjZI0GE
LinkedIn,Image,View,4334,2024-11-07,8M0lXjlvb0
Twitter,Video,Save,6318,2024-05-07,8luywzoD0u
TikTok,Video,Like,3530,2024-11-14,YiLSshcXKr
Facebook,Poll,View,2456,2024-03-24,eZ7XUuNeXs
LinkedIn,Poll,Like,921,2024-04-16,u43bhYRUaw
Facebook,Text,Share,9005,2024-04-12,IMimnav8he
Facebook,Poll,View,7527,2024-05-10,xnzWBPJzoU
Instagram,Poll,Share,6400,2024-07-23,8OhFpm4CWh
TikTok,Image,Share,2149,2024-06-04,q5YiWWXZL0
Facebook,Story,Like,1194,2024-04-22,jFTfHD5rUD
LinkedIn,Story,Share,2547,2024-05-04,EDzkfmZwBu
LinkedIn,Text,Comment,953,2024-07-17,BQEOGxwnXL
Twitter,Text,View,3675,2024-07-05,gmbkM2LqOd
Facebook,Poll,View,5983,2024-08-14,MWUhcJsPUh
Facebook,Video,Comment,9396,2024-03-06,w70evH2d2P
LinkedIn,Text,Share,5430,2024-12-09,ORoMi3x1ii
Facebook,Image,View,7684,2024-06-11,IS2MGaRQx4
Instagram,Image,Comment,2387,2024-12-02,VY4Xjj15Cb
TikTok,Text,Comment,6655,2024-04-27,humbFSy88w
Twitter,Image,Share,8104,2024-05-24,hASSlSG8PW
Facebook,Poll,Comment,1605,2024-03-25,ggPe9R2yX3
Instagram,Story,Save,1917,2024-08-17,DvGnjlWHby
Facebook,Text,Comment,8349,2024-09-04,smgtHOa5h9
Twitter,Poll,Comment,9100,2024-09-14,VipDQr59xH
Twitter,Video,Comment,3611,2024-09-27,IoWXJIjBnu
Facebook,Poll,Comment,2449,2024-04-07,L6yGgg2hZP
Facebook,Poll,View,2467,2024-09-22,xDhAaaxR8H
Facebook,Poll,Save,6566,2024-08-08,PMVxMvTg4H
Twitter,Image,View,6463,2024-03-22,25cIYHZe1D
Facebook,Text,View,5222,2024-02-06,JqdS6W8Viw
Twitter,Image,Comment,9437,2024-10-28,EYtFbs6gZ6
Twitter,Video,Comment,3220,2024-11-16,c8toXlA8VP
LinkedIn,Story,Comment,4140,2024-09-04,E0oaYEMEYB
Instagram,Poll,Share,6359,2024-10-26,mLphAwFyZp
Twitter,Poll,Save,227,2024-09-22,bqxaKGCadr
Facebook,Story,Save,7019,2024-12-17,A1VtJct3RY
Instagram,Video,View,2065,2024-08-01,ZWTLPOvcOW
TikTok,Poll,View,1278,2024-01-10,ucA96J1qHE
LinkedIn,Text,Share,6659,2024-10-12,0NsDdgAKRs
Twitter,Story,Like,8945,2024-03-15,6GplaU3Uh4
TikTok,Story,Save,6579,2024-08-06,q7F0gXfRDJ
Twitter,Image,Comment,46,2024-12-08,hpVIS805BZ
TikTok,Text,Like,6368,2024-02-21,YMqxI33OBz
Instagram,Video,Share,4454,2024-08-05,XNmq8hBeqF
Twitter,Story,Comment,2397,2024-07-07,gAxyJwOSTC
Facebook,Image,Share,9135,2024-03-16,2AWt5D1oIF
TikTok,Text,Save,5856,2024-11-04,CTWPf19KC3
TikTok,Poll,Comment,8844,2024-09-15,gm8Fl4SCpB
TikTok,Story,View,3846,2024-11-26,hJdTURqNFE
Twitter,Poll,Like,7635,2024-05-26,2dtR1i6RDz
Instagram,Video,Comment,508,2024-05-27,Huwc1e7DgQ
LinkedIn,Poll,Save,8325,2024-10-19,JtOx9GPUiq
Twitter,Text,View,6281,2024-02-03,APAB3KCGj0
Twitter,Video,Save,8192,2024-12-15,sxKwlfBbC7
TikTok,Text,Like,8122,2024-09-06,PvAvFI8gqx
LinkedIn,Image,Comment,2573,2024-06-10,BZlXM9bQYS
Facebook,Video,Like,8761,2024-02-09,DAVRpf3QmF
Twitter,Video,Share,6708,2024-05-27,KD26BtNrAy
Instagram,Story,Like,6309,2024-06-25,Pu6pTLVxFi
Instagram,Poll,View,9492,2024-02-02,SNiYFFpoJc
Instagram,Story,View,8831,2024-06-20,dAOwFi8eOx
Twitter,Video,Comment,2838,2024-10-19,4JcfRYyahn
LinkedIn,Text,Save,4242,2024-02-28,hxt4l25TLg
TikTok,Poll,Save,1611,2024-01-25,ABjSKoXkIr
Instagram,Text,Like,7400,2024-10-15,O9rjCvtFTq
LinkedIn,Video,Share,316,2024-08-28,LuMsR3r7cZ
TikTok,Image,Comment,688,2024-03-22,m4BocJKwx6
Facebook,Story,Comment,2340,2024-03-10,5wpr2qkr5t
Facebook,Image,Save,2553,2024-10-27,TXxpnr9Wf7
TikTok,Video,Comment,1981,2024-10-25,mALaP0GotL
TikTok,Video,Save,5678,2024-04-21,WkfLvC33qI
Instagram,Poll,Comment,3313,2024-12-19,K7XmCwv9Cn
Facebook,Video,View,3384,2024-12-23,9cqXi4LKqi
Twitter,Story,Save,1692,2024-05-06,nO3gB8y7wr
Facebook,Text,Share,9846,2024-03-11,rJ9lDtXgt2
Instagram,Text,Comment,9575,2024-12-13,lVWuqdmVQl
Facebook,Story,Share,4812,2024-07-10,CBVnMaAT1U
Twitter,Story,View,5760,2024-04-21,FL0Hga7WWj
Facebook,Poll,Share,3800,2024-07-08,NwjC5ejkjx
Twitter,Text,View,5866,2024-08-05,kYKRd865u6
LinkedIn,Video,Comment,3346,2024-09-08,zfFdIXMxlf
Instagram,Text,Save,5496,2024-01-14,S6xMPHlj8F
LinkedIn,Poll,Like,7280,2024-01-24,kPV0KVUok0
Facebook,Text,Share,8080,2024-08-03,ofHdakqwju
TikTok,Text,Like,5321,2024-06-09,OIibGpscEH
Twitter,Video,Comment,2335,2024-06-06,DJ9wBZDaD8
LinkedIn,Text,Save,889,2024-12-13,oa1B6yJFmF
TikTok,Story,Share,9190,2024-02-21,2oGmJzT2Ef
Facebook,Story,Like,166,2024-09-21,5TlG7SyrMZ
Facebook,Video,Comment,9838,2024-01-24,a4F4ycEilR
Twitter,Video,Save,6977,2024-03-03,yLMehAj0Py
Twitter,Text,Like,1632,2024-08-20,uoCerVSUKy
Twitter,Image,Like,1049,2024-08-04,kiZm6zZxe4
Instagram,Image,Save,5098,2024-02-26,VVtITwcTqd
LinkedIn,Poll,Comment,4623,2024-03-17,vDiynjRmPr
Instagram,Story,View,5100,2024-02-28,0cSmficJfe
Facebook,Text,View,9102,2024-08-07,wSd6jYNRit
Twitter,Text,Like,9656,2024-02-28,hz6E6Zzq27
Facebook,Poll,View,355,2024-10-26,oU1FKlLTSI
LinkedIn,Story,Like,7326,2024-08-07,CcQasG9WvS
Twitter,Poll,Comment,2096,2024-11-07,AdOQKn2v1K
Instagram,Text,Share,5046,2024-08-15,R6vLskTOxb
Instagram,Image,Share,9229,2024-04-06,pyLSTqP1DW
Facebook,Text,Like,4938,2024-08-27,9N85siwgKF
Instagram,Poll,Save,4590,2024-04-07,c5IlxNECcO
Instagram,Poll,Save,1550,2024-02-01,tKXgGUhhH6
LinkedIn,Poll,Save,1613,2024-03-21,xG7xD7GVIS
TikTok,Video,Like,652,2024-07-27,nyN9TgbtJY
Facebook,Video,View,6948,2024-03-12,XSs03RQZWJ
TikTok,Poll,Save,5783,2024-07-15,abu6iLWRCA
LinkedIn,Story,Like,9176,2024-11-14,wqSEj9xY95
Facebook,Story,Comment,4588,2024-04-14,6pDIV0bSfI
Instagram,Text,Share,9887,2024-06-24,40kaqQPl13
TikTok,Video,Like,8695,2024-09-27,KZsJOQb4ET
Instagram,Poll,Comment,463,2024-06-21,c3sXSda9F5
TikTok,Poll,Save,9124,2024-03-03,2zA56AKDdM
Instagram,Image,Save,1188,2024-05-10,2PILhtZTUM
Twitter,Text,Comment,4507,2024-09-18,EMLdbqu83F
Instagram,Text,View,5361,2024-03-14,KFFMWPmzyj
LinkedIn,Story,Save,5785,2024-02-03,6My4IPIurQ
TikTok,Text,Save,7454,2024-08-02,ddhEVGU9Ht
LinkedIn,Story,Like,8995,2024-05-11,7XHIsCAUxS
Twitter,Image,View,7555,2024-04-03,yWViSOLZui
Facebook,Story,View,7840,2024-05-22,YXVqAuxKWG
Facebook,Poll,View,1136,2024-05-08,3xAywGnIq7
Facebook,Text,Comment,7528,2024-05-08,Qk4l55u6Em
LinkedIn,Story,View,553,2024-12-10,hZP4bMRPRo
LinkedIn,Video,Save,3167,2024-08-12,bs3PdcKd6L
Facebook,Poll,Comment,3785,2024-12-11,Dg2Ydtidfo
LinkedIn,Video,View,7128,2024-06-25,yOVsNRqAfw
Instagram,Text,Save,8156,2024-10-21,uZlb8rZnzK
Facebook,Text,Like,9483,2024-01-08,2Xq2wum0FZ
Instagram,Video,Like,804,2024-08-10,vSJHmkeEin
LinkedIn,Video,Comment,9730,2024-10-18,72qRel4hSI
Instagram,Text,Save,4480,2024-10-21,2GzxcsCq8y
TikTok,Story,Save,9950,2024-06-03,LGztRWnqv3
Instagram,Image,Comment,1325,2024-05-08,xcnrjvV2On
LinkedIn,Image,View,9801,2024-08-03,gXy5inT7Wu
Facebook,Story,Comment,7232,2024-09-11,ev2mrmwS1X
TikTok,Poll,View,466,2024-11-09,XmWUYHZqVw
Facebook,Video,Share,2454,2024-02-13,8eLrkrX02E
LinkedIn,Video,Comment,4104,2024-01-21,JmeI6KNypt
Twitter,Poll,Share,3455,2024-07-01,EJ93KIhcp9
Instagram,Text,Like,3410,2024-05-07,0l3M9ZiZ09
Instagram,Image,Like,4005,2024-07-03,D4RDMNAbFZ
LinkedIn,Video,Comment,4799,2024-11-17,UqDYwWzHFZ
LinkedIn,Text,View,9381,2024-06-17,HwtXoRBGJE
LinkedIn,Poll,Like,6018,2024-01-01,k1v5p6Cm0t
LinkedIn,Video,Share,3843,2024-06-02,4xeSXdyaOA
Facebook,Image,Save,9668,2024-11-14,BWZ05cSQpp
Twitter,Video,Share,6179,2024-09-21,hgyshOik48
LinkedIn,Video,Save,433,2024-01-10,xb0rEGhmB4
Facebook,Image,Save,703,2024-06-02,WDNh3xaL5p
Facebook,Video,Save,4200,2024-01-03,Zk4RdHVkjj
Instagram,Story,View,3488,2024-08-18,EpAnlGBMea
Instagram,Text,View,5969,2024-02-15,yW8fDVWNms
LinkedIn,Poll,Share,6614,2024-06-19,SAa3heatvL
Instagram,Poll,Share,5635,2024-12-22,IjLu27Rrbm
LinkedIn,Image,Like,1242,2024-09-20,cawjNgVjwr
Instagram,Story,Save,6287,2024-03-28,QalTWLbQIi
LinkedIn,Video,Share,7776,2024-03-03,t8UmWzZpuq
TikTok,Story,Comment,3863,2024-08-20,IYoq4MVO0R
LinkedIn,Video,Like,3949,2024-08-02,753O2509Go
Twitter,Video,View,3046,2024-01-19,fXiVEKYvEN
TikTok,Text,Save,6637,2024-08-23,qPqaDZSvIX
Twitter,Story,View,4459,2024-09-15,K2j0NoubFt
Instagram,Story,Share,2312,2024-01-24,bceHVDzRLf
LinkedIn,Poll,View,6243,2024-02-22,KsddyOkjUy
Instagram,Image,Comment,4177,2024-08-13,Teon1mFrfA
LinkedIn,Poll,View,4253,2024-10-06,z6Epk6swiH
TikTok,Story,Save,8806,2024-08-08,iOKjG5I9jy
LinkedIn,Poll,Share,3124,2024-09-06,ElQqWf8RH8
Instagram,Story,Save,7145,2024-06-17,tPemWyQXGt
LinkedIn,Poll,Save,165,2024-09-13,FODxKYlMOe
LinkedIn,Video,Like,7798,2024-12-16,nWSrQ7dHpX
TikTok,Poll,Share,5533,2024-01-26,8lzbZJE4Xt
Instagram,Poll,Share,4957,2024-05-06,TcMqGEzR6e
TikTok,Story,Save,6766,2024-07-22,sRfraVwW1H
LinkedIn,Video,Share,7972,2024-01-08,O6EUjmOrMR
Instagram,Poll,Comment,8545,2024-07-04,8vLVypMOiR
TikTok,Image,View,9352,2024-10-08,5CXx9q9l8c
Instagram,Story,Comment,3582,2024-11-05,Mrr7NZf5FD
TikTok,Poll,Share,6204,2024-07-02,HdxruER427
TikTok,Video,Like,849,2024-07-17,1ioFFdzlyW
Instagram,Poll,Comment,3080,2024-09-19,MDh9c7rpvq
Facebook,Image,Save,979,2024-09-09,L1FTKQsncv
LinkedIn,Video,Share,8240,2024-02-26,YzRiCL1hVd
LinkedIn,Text,View,542,2024-02-26,Ib5dGsuiiE
Facebook,Video,View,112,2024-09-16,kYANASv9Ax
TikTok,Story,Share,4551,2024-04-11,QzA4CWpqXu
Twitter,Poll,View,9615,2024-07-25,QEyMDgbCxd
Instagram,Text,Share,2490,2024-11-17,rW7cNK5bMr
TikTok,Poll,Save,3511,2024-05-02,9OS9uGra1G
TikTok,Poll,Like,7745,2024-01-17,0deTnaY2aU
LinkedIn,Story,Share,990,2024-10-19,uJLddGLeyf
Twitter,Video,Like,8639,2024-12-04,Pi22hYq6Ft
Twitter,Image,View,9257,2024-08-22,Fc3flOfEV5
LinkedIn,Poll,Comment,3355,2024-05-08,0aIrQi51sd
Facebook,Video,Comment,8661,2024-03-07,PIo5YzZSMC
Facebook,Poll,Save,4646,2024-07-04,K3p7ZAwyM0
TikTok,Video,Share,2891,2024-03-03,QkF2WZjafg
Twitter,Text,Save,8844,2024-01-08,bDRTji92Nd
Twitter,Video,View,4664,2024-02-02,m4393bfy52
TikTok,Text,Like,4446,2024-10-25,d2adwMcREN
TikTok,Story,Like,398,2024-06-23,gMb15v14fe
Instagram,Text,Comment,1426,2024-11-26,WWsHh0WTsN
Facebook,Story,View,6414,2024-03-12,HN42t7bjHd
Facebook,Poll,Like,9070,2024-08-07,6KRzhsQCMv
Instagram,Video,View,8257,2024-03-03,zFy2ObTS8s
Facebook,Image,View,2923,2024-09-18,aTtB5lcotv
LinkedIn,Poll,Save,8344,2024-05-09,6jKNhPQMVq
TikTok,Image,Save,2963,2024-12-10,idVMRQSs2Y
LinkedIn,Video,Save,9341,2024-05-27,BctFk6lbS6
LinkedIn,Image,View,7649,2024-07-04,v15cxsuDNv
TikTok,Story,Share,1398,2024-06-02,la23IsDy0z
Twitter,Image,Like,7424,2024-08-06,pijThDaq8p
LinkedIn,Image,Save,9524,2024-12-17,4Dwp387qCe
LinkedIn,Image,Share,6298,2024-12-12,7sCQadxGP8
Facebook,Video,Comment,9296,2024-03-18,LcTq6DEo2M
Twitter,Text,Share,4821,2024-06-06,F2JQ6ULCap
TikTok,Image,Like,6118,2024-03-14,B5mXJYKY59
Facebook,Story,Comment,1977,2024-04-18,xVWJtuovSH
TikTok,Text,Share,5014,2024-11-07,wOnWA0P0vf
Instagram,Poll,View,1831,2024-09-03,pUQHylg5H9
Twitter,Image,View,1026,2024-02-01,q2NCRvX4Jk
TikTok,Poll,Comment,5807,2024-05-25,SaCR5rebmu
Instagram,Image,Share,7658,2024-05-01,JjoV2kxYZH
Facebook,Poll,Save,6184,2024-05-07,AU63KE7q4D
Facebook,Image,Comment,9424,2024-11-21,57J7UEpiVW
LinkedIn,Text,Like,4804,2024-03-24,HpYE9q8I9a
Facebook,Image,Save,6949,2024-08-07,rDBmOti1FE
Instagram,Text,Save,5172,2024-08-24,NJJFJzenzI
Facebook,Video,Share,1426,2024-07-11,6raKOT8juF
Facebook,Story,Like,72,2024-11-12,laV2mYWbit
Twitter,Video,Like,2165,2024-02-13,TluktF1f0U
TikTok,Text,Save,1165,2024-05-20,ncQTd89Gtk
TikTok,Text,View,2222,2024-03-26,BFbMA1tBSH
Twitter,Video,Comment,7131,2024-06-25,Pltipk0M48
Twitter,Story,View,744,2024-10-06,nkMIsJ0pVP
Twitter,Text,Like,1971,2024-04-08,6Ms2zExF1k
Facebook,Video,Comment,6365,2024-10-27,R0pZGfTlDT
TikTok,Video,Save,4824,2024-04-06,6F2m6wzCXs
Twitter,Image,View,7867,2024-08-22,XGwjUIboar
Facebook,Image,Save,8364,2024-08-26,JGFuJFyw9o
TikTok,Image,Comment,5927,2024-06-26,YpkkzpHmBt
Instagram,Video,View,80,2024-09-06,jg5xbGgCWz
Facebook,Story,View,7541,2024-07-09,M1P1srph6z
LinkedIn,Story,Save,8353,2024-09-15,b2E4chwbt9
Facebook,Video,Save,117,2024-07-10,yQVTp9grsz
Instagram,Story,Share,5806,2024-09-21,tSCKu3ecal
LinkedIn,Text,Like,8220,2024-11-06,CbamnsZ6kA
Facebook,Text,Like,4770,2024-09-14,ElfAkAh0oy
LinkedIn,Story,Like,1558,2024-09-25,Ab5B0pyqsn
Twitter,Text,Like,1528,2024-05-03,BuCm3SbK4Z
TikTok,Poll,Save,5464,2024-02-03,K77neQ9eH4
Facebook,Text,Share,7500,2024-11-06,1zdYxVTAgm
Facebook,Image,Like,56,2024-06-09,cCWRvBP4EM
LinkedIn,Image,Save,3129,2024-10-23,lrfuWrsAVi
Twitter,Image,Save,3363,2024-08-14,JPTPRk0Pzu
LinkedIn,Text,View,9275,2024-05-13,yzUKyV3pb0
Twitter,Image,Save,2658,2024-06-09,hmmOiHkXyp
Twitter,Video,View,8814,2024-03-09,1cS54vIzOl
Facebook,Poll,Save,965,2024-08-03,tVgrTM2Exb
Twitter,Poll,Share,5281,2024-01-04,rXeTPDZxSc
Facebook,Text,Like,555,2024-12-23,pVOx4oS8xx
Facebook,Story,Like,6431,2024-07-22,zRp2OLzhXd
Twitter,Story,Comment,4567,2024-11-16,ji1hPDwqGG
TikTok,Poll,Comment,5449,2024-06-04,94RSQo0sxB
Instagram,Video,Share,4828,2024-10-11,ykAZ8l0bs1
Instagram,Image,Like,8852,2024-06-18,mnKX9sf1Tw
Facebook,Poll,Save,7992,2024-12-20,bn4InXu5dh
Instagram,Text,Share,4164,2024-05-01,OFGlc6QkY0
TikTok,Image,View,8291,2024-05-27,nKDKe0Jjax
Facebook,Video,Comment,9049,2024-09-05,LISXvBimsE
TikTok,Video,Like,8337,2024-02-17,dvg6rl1O6O
TikTok,Image,Comment,3147,2024-02-04,kM1r9TpuIc
Instagram,Image,Save,3495,2024-11-02,PSJgBs33ws
Instagram,Video,Share,6615,2024-05-24,W9pjmVlXr0
Facebook,Story,Comment,2830,2024-04-09,krquekkYte
TikTok,Image,Share,575,2024-12-19,sSFt9NFMoY
Instagram,Image,Share,6300,2024-12-13,w6CP1aQIOr
Instagram,Video,Save,1372,2024-10-17,SzKCMWrk9H
TikTok,Video,View,7395,2024-03-21,ookmeSjCaU
TikTok,Image,Share,7523,2024-03-02,MjCvHJ8xNW
Twitter,Image,View,610,2024-08-10,0tQq2zS5vZ
Facebook,Poll,Save,9289,2024-11-25,Bw1oaxH9MW
Twitter,Image,Save,4725,2024-09-15,bHbNdjksRI
LinkedIn,Video,Comment,6869,2024-10-12,GKD16vox7N
TikTok,Story,Save,4023,2024-04-05,Xdr9RTOWaJ
Facebook,Text,View,4004,2024-11-05,NJg479Ce19
TikTok,Image,View,4953,2024-09-14,FquObdOgLG
Twitter,Story,View,6839,2024-07-14,WwjR7zBAyX
Instagram,Video,Save,6705,2024-09-21,BzIOOA3Rc8
Facebook,Image,Comment,527,2024-08-28,ZDmQRFhOXC
Facebook,Video,Comment,7295,2024-03-09,xKHouslNXR
Instagram,Text,Comment,2518,2024-12-10,pNodJkBW0e
Instagram,Video,Comment,4554,2024-08-16,u7hBoeLEdi
Instagram,Image,Save,9642,2024-01-25,EwJzFWHGD6
TikTok,Video,Share,2988,2024-11-18,u9pny4Rnx8
TikTok,Video,Like,5558,2024-02-11,0a40iipoSV
Twitter,Poll,Comment,5939,2024-11-24,pw1lA7dvtE
TikTok,Poll,Save,4290,2024-09-20,uAWNy0NWKv
TikTok,Image,View,7420,2024-12-16,URllcn78Nd
TikTok,Text,Save,8125,2024-12-24,u4mPd84qWX
LinkedIn,Story,Save,4813,2024-06-12,s9n3XZiDZv
Facebook,Image,Like,4572,2024-09-18,TiUKNEgl8f
Twitter,Story,View,4986,2024-06-21,zumO7ITqi4
Twitter,Video,View,2882,2024-12-02,Pb2lG7hIQf
LinkedIn,Video,Comment,6720,2024-09-22,RWpp9Os8Iv
TikTok,Poll,Save,961,2024-04-11,QQDECNf2gM
Facebook,Text,Comment,1290,2024-12-10,J6UE45mJae
TikTok,Poll,Share,4121,2024-09-20,jatxdXKxKn
Twitter,Video,View,282,2024-11-19,JzOQqJ4vjt
LinkedIn,Story,Comment,4678,2024-02-11,YIgXsI9lvw
LinkedIn,Story,Save,7275,2024-10-02,lZ3WnwoJer
Twitter,Text,Comment,6460,2024-04-12,2bG0hntjYT
LinkedIn,Poll,Comment,9532,2024-07-12,f7giTrdY9w
Twitter,Video,Save,1390,2024-12-19,3xNOJRco31
TikTok,Poll,Share,490,2024-12-12,3GsEKQvclx
TikTok,Image,View,1054,2024-09-11,amhqHtQqls
TikTok,Text,Like,2852,2024-01-19,2WbxBcE9s2
Twitter,Image,Like,7335,2024-12-05,yV8XnNkhYF
Facebook,Video,Comment,1496,2024-09-10,kiZknXenvj
Instagram,Image,Save,3260,2024-01-14,kVDsu3CGJu
Facebook,Text,Save,1984,2024-02-04,6AOkQGkXOX
Twitter,Text,Comment,8239,2024-01-02,bMyjQP8sFh
Instagram,Story,Save,4535,2024-12-25,Fej5qxhr8V
Twitter,Image,Like,6040,2024-12-02,ETkpJWlE4n
TikTok,Text,Comment,3988,2024-12-03,kKVYRqJs1g
TikTok,Story,View,586,2024-07-09,bYzBK4z1Ci
Facebook,Poll,Save,9414,2024-06-06,GyTY4TwAG6
LinkedIn,Video,Share,3860,2024-05-04,gZ9vVtwh9a
LinkedIn,Text,Like,4302,2024-03-04,j0aR5Q9TCx
Instagram,Story,Comment,6918,2024-12-26,oVXod6FkOG
Twitter,Poll,Like,7662,2024-11-08,0TD2fuaMFM
Instagram,Video,Like,3086,2024-06-03,P04djqejhb
TikTok,Image,Like,3642,2024-07-05,oII7byFx1N
TikTok,Video,Share,2970,2024-02-01,0QiUXdq09D
Instagram,Poll,Comment,187,2024-04-05,KkKoxvv1O8
Instagram,Story,Save,4430,2024-08-05,Mkzxqh4FjC
Twitter,Video,Share,8994,2024-06-06,D2j1xEt04K
Facebook,Image,Share,4715,2024-04-25,FGWNMvHc1p
Twitter,Image,Save,5945,2024-04-20,j8wpDJe6I7
Instagram,Image,Save,6298,2024-04-03,CmJQEwqTqp
Twitter,Text,Comment,2963,2024-01-06,9VSoNnZD3u
Facebook,Image,Comment,3862,2024-11-22,yq9SPTw3zc
LinkedIn,Text,Share,4607,2024-04-25,Mi8zb9WogX
LinkedIn,Image,Like,322,2024-06-07,zRN1IAD6ah
TikTok,Image,Like,4391,2024-04-12,YMhn3Rimoc
Instagram,Text,Save,5609,2024-02-01,YBJ3sKEe9A
Facebook,Poll,View,2081,2024-03-04,2eroRjiXgi
TikTok,Image,Like,9978,2024-02-02,uvwfBM2LAG
Instagram,Text,View,7917,2024-07-06,xB3Vz2IywD
Facebook,Text,Share,3966,2024-06-13,IxzR5n5d1u
Twitter,Story,View,3270,2024-09-01,ZOngH88OSS
TikTok,Story,Save,650,2024-05-26,yJoFgBIZjY
Twitter,Video,Comment,8495,2024-03-25,QT3OUP9Ao7
Facebook,Story,View,8857,2024-03-14,z2DLs5fiEx
Instagram,Story,Share,7077,2024-08-27,aS82JMZ0L7
Twitter,Poll,View,5398,2024-01-13,9frlmXywId
LinkedIn,Text,Comment,2403,2024-06-24,pcEmy35dKW
TikTok,Text,View,5912,2024-11-10,HCDf5OT2ah
Twitter,Video,Comment,5036,2024-03-02,Q7pLMKwfSG
Twitter,Story,Comment,8379,2024-02-28,sAzNR9S0im
TikTok,Text,View,9764,2024-11-14,INdLnBOczt
Instagram,Image,Save,6063,2024-03-20,92eUMoyYHI
Twitter,Story,Share,2798,2024-02-09,i8KZUGgq4t
Twitter,Poll,Share,2088,2024-10-06,njMXwcgHcU
Instagram,Video,Share,7946,2024-01-05,fLFXvcd2Fb
TikTok,Video,Comment,5396,2024-10-18,NjwXCPoEsH
Facebook,Poll,Share,9654,2024-02-18,KOZ0o11pbi
Instagram,Poll,Save,3771,2024-03-08,0Lpc9MiqqM
LinkedIn,Video,View,525,2024-05-23,IutbBvb6Vo
Twitter,Poll,Comment,4590,2024-11-12,qwY2rrIzaW
Twitter,Poll,Like,8735,2024-03-01,9FWUOkZzjk
Twitter,Image,Like,9653,2024-03-13,X1E9a7ha1I
TikTok,Story,View,343,2024-10-28,uJrKUPk6qq
Instagram,Story,Comment,8175,2024-06-19,TaSc3pyZzu
Facebook,Poll,Save,2622,2024-11-24,WKcrcD35bn
Facebook,Video,Save,4224,2024-02-21,e1ykvH70HH
Instagram,Story,Share,2360,2024-10-24,Y3oQholKUJ
Facebook,Image,Share,1868,2024-05-21,LlbT7lliix
Instagram,Video,Like,501,2024-10-16,1sWq8dVYYF
Instagram,Image,Share,1976,2024-11-01,mAsN4GcniQ
Instagram,Text,Like,172,2024-06-06,MNgKZXWBis
LinkedIn,Text,Comment,127,2024-11-05,sbuQwPuUw8
LinkedIn,Story,Like,9509,2024-11-21,lNTgTzDnIf
LinkedIn,Story,View,133,2024-04-03,RpwmswMMJM
Facebook,Video,Comment,1604,2024-01-14,nmNVe6o0Od
LinkedIn,Image,Share,4221,2024-12-19,oll2cSpHlw
Facebook,Text,Share,8256,2024-07-19,l8zMAFR0KQ
TikTok,Image,Save,8858,2024-08-17,v0ejWWORNq
TikTok,Story,Like,5774,2024-01-24,GIi0eJ2pLh
Facebook,Video,Comment,7231,2024-11-27,t3xjQTPPrk
Instagram,Text,Comment,8786,2024-11-06,OokuSI3wLC
Facebook,Video,Share,1881,2024-09-03,mOGtyPPego
Facebook,Story,Share,8242,2024-10-11,tpG6lNeBAM
Facebook,Video,Share,2491,2024-05-09,Q1ZDxY9cYF
Facebook,Text,Comment,1849,2024-08-16,1WHSKBSB7i
Facebook,Image,Comment,2179,2024-11-06,4fpsIlk1rr
Instagram,Text,Comment,6126,2024-12-08,km1SfBP4fk
TikTok,Image,View,5164,2024-08-19,j7vxqKMStT
Instagram,Image,View,6436,2024-09-01,DwNV7PKboR
Instagram,Video,Share,1229,2024-02-13,akRmqWobCa
Facebook,Video,Save,5978,2024-07-13,CbjOuse63F
Twitter,Poll,Share,6169,2024-10-02,Ciua5DkG6v
LinkedIn,Story,Save,4960,2024-05-21,RC7EHCbhyd
Instagram,Story,Save,7883,2024-02-09,bqEDbg4ZKj
TikTok,Story,View,151,2024-01-18,4nNdYOOntg
Instagram,Image,View,6424,2024-08-08,MkZQBWGORe
LinkedIn,Video,Like,8782,2024-09-04,9ZzPXSTqD2
Facebook,Story,Share,9262,2024-05-17,cDVA0rgo40
TikTok,Story,Like,2778,2024-03-15,a8Rm8htXrG
Twitter,Text,Comment,8770,2024-02-04,hZPBO4Bmgu
Instagram,Text,Comment,4468,2024-03-18,Ddqna5TZMn
LinkedIn,Story,View,226,2024-02-16,HNAES7XGwa
Twitter,Story,Like,7133,2024-05-20,cXJRxZ3s7M
Twitter,Text,View,6489,2024-03-02,x5gK4YXmKR
TikTok,Story,View,6296,2024-09-09,zr5PRYLLqq
Twitter,Video,Like,3035,2024-03-20,bXeBQQG3AO
TikTok,Poll,Comment,2599,2024-12-15,SRysaUHGr6
Facebook,Text,View,5176,2024-06-16,7MwTX1Uuou
Instagram,Image,Comment,1422,2024-11-23,PJ9iwSACM6
LinkedIn,Video,Save,5499,2024-04-17,7NALfsbJPm
Twitter,Image,Comment,8252,2024-09-02,Nlm8heiQaQ
LinkedIn,Video,Like,2282,2024-02-01,vs2SqNTMIO
Twitter,Video,Share,39,2024-05-17,R70LN26DqA
Twitter,Poll,Comment,1058,2024-02-04,SXvZSkTucC
TikTok,Text,Save,8182,2024-04-10,ohImUmoIte
Instagram,Story,Save,132,2024-11-01,kVHFN3uyCZ
TikTok,Poll,Comment,4709,2024-02-06,Y2aroN0mw4
Facebook,Story,Comment,5004,2024-08-26,OAOlDkMCVU
Facebook,Image,Comment,8430,2024-10-13,OnCdBJjJtR
Twitter,Text,Save,1094,2024-10-21,5i8F4eqX44
Facebook,Story,Share,2749,2024-12-07,JOpANLr2lf
Facebook,Story,View,8112,2024-11-21,zRB8dJlEkT
TikTok,Image,Like,8906,2024-08-04,Bhei2F4iPO
Twitter,Poll,Save,6506,2024-04-08,PmBtb9mGch
LinkedIn,Poll,Share,7120,2024-02-25,rPzF5fYU9S
Instagram,Story,Save,9768,2024-10-05,MmptxQD5IN
TikTok,Image,Save,8917,2024-03-06,zSvzmtlIFp
LinkedIn,Image,Save,4797,2024-05-08,Sh1fn92SGb
TikTok,Text,Save,5011,2024-10-19,uLNOjA2iyk
TikTok,Story,View,2189,2024-10-25,kcjwAdL7cg
Instagram,Story,View,564,2024-09-01,zL8C6tRSOD
Instagram,Poll,Like,941,2024-07-24,ABY9Vibwh6
Instagram,Text,Save,3403,2024-02-15,x0d2CvCMks
Instagram,Poll,Save,5913,2024-01-07,cbUXuGKL0N
TikTok,Story,Save,722,2024-11-13,s4dXPJNVsL
Facebook,Poll,Share,3120,2024-02-09,YUkRyC7dVl
LinkedIn,Image,View,2523,2024-08-13,qSEMk7w4Rm
TikTok,Video,Share,103,2024-06-22,5DiFiJX66n
LinkedIn,Story,Save,7723,2024-03-16,S5NZclEqhM
LinkedIn,Image,Share,9114,2024-10-08,YL0fO80GQm
Instagram,Image,View,3602,2024-08-18,Va11EEgz9U
Facebook,Text,View,3962,2024-10-22,DPSpLphuCp
LinkedIn,Poll,View,2050,2024-09-08,1HOdDygcH5
Twitter,Image,Comment,6720,2024-01-26,vynfF6OM3q
Facebook,Text,Comment,7883,2024-11-11,JllE2oo1AC
TikTok,Image,Like,2544,2024-03-20,DlzWZXwCUa
TikTok,Text,Like,2738,2024-10-03,NnDEhtH1O4
LinkedIn,Poll,Save,6482,2024-02-18,enA2nqbEza
TikTok,Story,Save,4017,2024-08-27,kbFaf4HZCt
TikTok,Text,Comment,7921,2024-09-22,EaVyKCqygw
LinkedIn,Video,Save,5017,2024-10-03,hVafRqDDWu
Facebook,Story,Share,4649,2024-04-10,NhSQCANXhZ
LinkedIn,Video,Like,3079,2024-08-01,hflQ7hc96r
TikTok,Poll,Like,7452,2024-03-13,Pqq4NoTyPd
Twitter,Text,Share,1015,2024-07-05,j86AG1f71N
TikTok,Image,Save,4624,2024-07-16,FdypUMVjDW
TikTok,Story,Comment,6759,2024-10-08,CUyYAwfqKl
Facebook,Story,Share,2366,2024-12-11,djrh5hLNbc
Instagram,Image,Comment,1415,2024-09-03,fqrrckqf9R
TikTok,Video,Share,6375,2024-10-28,IUb3AcUGoX
LinkedIn,Poll,Share,3955,2024-09-11,PVyJUXYR7C
Facebook,Poll,View,6858,2024-12-06,gzDvkmVLmL
Facebook,Text,Share,6876,2024-10-13,mN9U6uWTqU
Facebook,Story,Comment,9349,2024-03-02,kxKYBWfy77
Twitter,Story,View,6629,2024-08-27,VwKo1UZDKH
Instagram,Poll,Like,9665,2024-03-11,BG5XCZPTcT
TikTok,Poll,Like,6573,2024-07-03,gMaTGBdEJB
Instagram,Video,Comment,90,2024-12-06,9MvlEi2rwW
Twitter,Text,Share,2437,2024-02-11,lWLxyCpjYL
Twitter,Image,Like,4887,2024-08-23,Ne6ZGlcZvu
TikTok,Story,Comment,2178,2024-09-12,MzsEuNPpEv
TikTok,Story,Share,4947,2024-08-06,DESKGmNtwj
Instagram,Story,Share,8430,2024-09-18,AW7Yy8wZIw
LinkedIn,Video,Save,3676,2024-02-04,7JU0AhECmW
TikTok,Story,Share,848,2024-09-11,1jdWZYT49C
TikTok,Story,Share,9563,2024-02-24,PRcocuxnuT
LinkedIn,Poll,Share,1345,2024-05-25,xBRmDn36Fq
Twitter,Poll,Like,2737,2024-03-16,DwUvNhUJvo
Instagram,Image,View,3041,2024-12-08,n0uGymDAfl
Facebook,Video,View,4711,2024-05-07,P1UkjyfYmB
Instagram,Poll,Like,8619,2024-06-09,MOlQ00o3Zr
LinkedIn,Video,Save,3239,2024-10-27,8d21hYrbTo
Facebook,Poll,Comment,6938,2024-02-25,UozxK4gqOS
Instagram,Text,Like,1074,2024-12-20,Y143JQqMDT
LinkedIn,Video,View,6461,2024-06-06,U4TUkSAAGt
LinkedIn,Poll,Share,9499,2024-05-03,0qc8NziNKo
LinkedIn,Poll,View,5130,2024-04-28,5RGkPYJJIW
LinkedIn,Video,View,5139,2024-12-21,Oeuour71mr
LinkedIn,Image,View,9766,2024-10-28,47uMc0ns7b
TikTok,Text,Comment,249,2024-08-14,SOXBEmohoc
Facebook,Poll,View,7595,2024-11-24,wwDdfsWIcV
Facebook,Story,Share,5698,2024-05-01,3oQwQQjmc3
LinkedIn,Image,Save,7995,2024-05-08,MHrhtx6Fjx
LinkedIn,Story,Comment,3483,2024-12-11,RayzLmnDcN
Twitter,Image,Like,4100,2024-11-14,SYmw6zeO2y
LinkedIn,Image,Comment,7685,2024-02-22,whV1U04DIH
LinkedIn,Image,Comment,3020,2024-07-12,WM6zUbUIAe
Twitter,Video,Save,2031,2024-08-05,55PnQ2pnCD
Facebook,Image,Save,178,2024-05-20,x1oq1XE7eN
Facebook,Video,View,5210,2024-07-15,fOq64umNst
Twitter,Video,Save,6224,2024-09-09,zEt4u7kw2P
Facebook,Poll,Comment,7911,2024-09-19,Sjt0LlGFot
LinkedIn,Story,Comment,5453,2024-03-20,KK1lHCy0mi
Instagram,Image,Save,6083,2024-12-05,yprkwziNra
Instagram,Video,View,2870,2024-09-22,ya0uVNrrB2
TikTok,Story,Save,9401,2024-05-05,LfZv1S5JcN
TikTok,Image,Save,6145,2024-04-02,vHIJO2kFPE
TikTok,Text,Share,3043,2024-07-25,9zvHp9cOlG
Instagram,Text,Comment,1983,2024-12-15,nJ5sImpXBv
TikTok,Image,Comment,673,2024-07-01,4IRDyYFLyJ
LinkedIn,Story,Share,3101,2024-11-26,SYlRJdUbeX
TikTok,Text,View,5817,2024-08-26,krrCrvr2Mk
LinkedIn,Image,Comment,458,2024-08-24,MvGQPcpnMS
Instagram,Poll,Save,5073,2024-08-11,nbHXxlQuQ1
TikTok,Image,Save,1603,2024-08-09,v2qaD1TwG7
LinkedIn,Video,Like,5150,2024-08-04,7QvlHEcFQ8
Facebook,Text,Share,8950,2024-10-27,tWnzhv2zgA
Instagram,Image,Comment,9816,2024-08-12,wFtD2W85Xo
Instagram,Text,View,4344,2024-06-22,1xlVWVzLrT
Facebook,Story,Save,7120,2024-09-22,V3Hw9F7fyr
LinkedIn,Image,Save,9706,2024-01-27,U2w48sWOlo
LinkedIn,Text,Share,578,2024-07-16,YkrglYFcMz
Twitter,Text,View,774,2024-05-07,972JvPfdVm
TikTok,Poll,Share,6418,2024-02-14,6k5rsh5rcZ
Facebook,Text,Share,4370,2024-07-10,iVxD2vNhB7
LinkedIn,Poll,View,1429,2024-02-15,klG6jWiebX
Twitter,Video,Share,5377,2024-05-13,GOvQWZahHJ
LinkedIn,Text,View,7005,2024-03-07,yQImjY3a1h
LinkedIn,Image,Like,8589,2024-06-04,qckevDTAUG
Facebook,Image,View,1229,2024-11-27,qazPPnTbHY
Instagram,Image,Comment,3619,2024-05-27,6UmS6Vae9n
Facebook,Story,Comment,2114,2024-05-27,8kUC2loB5M
Twitter,Text,Save,3050,2024-05-07,kWt7MeId9i
TikTok,Poll,Save,6691,2024-01-14,eMumt9994I
Facebook,Image,Share,192,2024-10-10,XjSYVU3F0W
Twitter,Video,Share,4066,2024-06-20,mgweveXBWu
Twitter,Story,Share,1647,2024-05-01,5OdVaHirZ1
Facebook,Video,View,9773,2024-08-13,MgmAnSVA4M
Instagram,Video,Save,3740,2024-11-01,sZ7oQzjYoH
LinkedIn,Image,Comment,7687,2024-04-21,OwRH31cVAB
LinkedIn,Story,Share,1724,2024-08-05,dnGs66LV2n
TikTok,Image,View,7047,2024-09-05,oZZku12hXi
LinkedIn,Poll,Share,8917,2024-01-12,mJufFuliFo
Twitter,Video,Save,1212,2024-01-05,PCksz8aEbs
TikTok,Poll,Share,1467,2024-02-20,nY1AfMJTqx
Facebook,Text,View,9615,2024-11-03,nuloNNVS2R
TikTok,Story,View,560,2024-05-28,higtNdJOsP
Instagram,Text,Comment,6256,2024-08-05,XE4Oa0nDoy
TikTok,Video,Like,8128,2024-08-08,vKzJ2aLeUk
TikTok,Video,View,4091,2024-03-08,1gi023Jk99
TikTok,Poll,Save,2866,2024-03-18,crI0fD8ZmZ
Instagram,Image,Like,213,2024-11-20,K3bV4pw89u
Instagram,Text,Like,3668,2024-06-16,fLPjGUKs6p
Facebook,Story,Like,7561,2024-11-17,hfEdNvIzvn
Facebook,Image,Save,3810,2024-03-24,PZD1NhZ6H7
Facebook,Text,View,6072,2024-10-24,M0AYIVsLjk
Instagram,Story,Save,1026,2024-01-10,A6tAlMrjLp
Facebook,Story,Like,3459,2024-05-24,YHlX2hBqL9
Facebook,Text,Like,7180,2024-03-26,QVpGY8Ajr2
Instagram,Text,View,8369,2024-11-18,2moGcszmwL
Instagram,Text,Comment,9569,2024-10-13,hAcEYc87dM
Instagram,Story,Share,2942,2024-08-23,8bfvoXIRdQ
LinkedIn,Video,Comment,5032,2024-02-09,9aQehupcCk
Facebook,Story,Save,927,2024-06-07,SNPQXwxbbS
Twitter,Story,Comment,769,2024-11-27,B5dQ1WJckX
LinkedIn,Image,Like,4183,2024-01-28,JawhBG3Te1
Facebook,Video,Share,7578,2024-08-04,yMAVAra2XM
LinkedIn,Story,View,6524,2024-05-16,WIdqwcWZHV
Instagram,Image,Save,9354,2024-02-25,mzHpNbM6dW
Twitter,Story,Share,4660,2024-12-18,HQNvMhohU6
Instagram,Story,View,6932,2024-09-26,nWdJiaX8Ih
LinkedIn,Image,Save,5788,2024-03-04,5w0NNvXZeE
Instagram,Image,Share,580,2024-07-03,Ywy72Y8Soj
Twitter,Poll,Share,4759,2024-06-01,xDPahrhlP8
Instagram,Text,Comment,4658,2024-04-27,Plav0ZCsAn
TikTok,Story,View,354,2024-05-16,ebkdr0lNZe
Twitter,Story,Share,4446,2024-04-04,l0dwrTKFB0
Facebook,Text,Like,5040,2024-12-21,XbaEUmw6Av
Facebook,Image,View,6932,2024-06-19,6kPzhqB8MX
LinkedIn,Text,Comment,4391,2024-09-09,ebulVCCyid
Twitter,Story,Share,6410,2024-05-21,Cq2tY1MEmT
Twitter,Story,Share,5438,2024-09-28,b3PYh6mCFL
LinkedIn,Poll,View,2838,2024-02-12,NkjM45Y4zc
LinkedIn,Image,Like,9489,2024-06-23,W4YxGJTP1K
Facebook,Image,View,5600,2024-09-02,NkVmBgL6YT
Twitter,Story,Like,3595,2024-07-02,gJTtGg7qGa
Instagram,Image,Like,7544,2024-09-14,W0qM5LdL2m
Facebook,Image,Like,4493,2024-03-02,vtdBqfi08G
Twitter,Story,View,5431,2024-02-18,xySXNbzzrd
Instagram,Story,Comment,777,2024-01-03,THHb9wdj3g
TikTok,Image,Save,6724,2024-03-03,fwhgIGR74g
Facebook,Text,View,9813,2024-04-23,3Z6INT17r4
Facebook,Story,Like,1584,2024-06-11,6WW88MSKwX
TikTok,Image,View,1361,2024-12-26,3MDAeMEFEu
Twitter,Story,Save,2782,2024-03-09,xMDa1wgOby
Facebook,Story,Comment,7063,2024-08-03,xifaqiz1FP
TikTok,Video,Like,1175,2024-08-24,O7lSNJnrAz
TikTok,Story,Save,940,2024-10-25,sqCPIwGtJH
Twitter,Image,View,5970,2024-12-21,k0EQS9bXmV
Twitter,Text,View,1751,2024-09-07,dx7kskK8Yg
Facebook,Poll,Like,3287,2024-02-05,RCJMpejMzi
TikTok,Video,Comment,5876,2024-10-22,8eBOWi15ur
Instagram,Poll,Comment,6742,2024-06-02,7YkcxjLXdl
TikTok,Video,Like,2933,2024-08-10,knjZhC4Fk8
LinkedIn,Video,Comment,7791,2024-12-19,o2CjoUxAIJ
Facebook,Image,View,3969,2024-01-02,7M3Ahsl1y8
LinkedIn,Text,Like,2091,2024-04-04,t85t2uWmz4
Facebook,Story,Comment,3620,2024-10-17,wdWITkNYfB
Instagram,Story,Like,3589,2024-01-27,ojD7GA6ReG
Instagram,Image,Share,244,2024-07-25,KTi8FLK529
LinkedIn,Text,Comment,2529,2024-06-24,zyLhsix3Z2
TikTok,Poll,Share,942,2024-10-09,KgwhmIjrUT
Twitter,Video,Comment,7577,2024-11-03,TTiUGhN30j
Facebook,Text,View,6177,2024-07-18,iGH2ful4eo
LinkedIn,Image,View,7302,2024-04-17,OMq2nEaevt
Facebook,Image,Like,9073,2024-11-18,DCbYNPQCVJ
Twitter,Video,View,1930,2024-06-16,BZ3wN3E6H6
Facebook,Story,Comment,6531,2024-12-10,hUdYAwotfc
Facebook,Story,Like,4547,2024-06-06,WdeDAZVMYW
TikTok,Text,Share,5929,2024-01-17,tru2sZ0qiX
Facebook,Poll,Share,2981,2024-01-27,pDUrGH7KZX
TikTok,Image,View,4049,2024-03-18,6Cx0kTedAb
LinkedIn,Video,Comment,2825,2024-10-17,RVGNUj5Zf0
Facebook,Story,Comment,463,2024-03-07,qX9ietkAue
Facebook,Image,Share,4296,2024-08-14,vRal0Kf2R9
TikTok,Text,Save,2582,2024-11-27,4b46vKQjDF
Facebook,Video,View,6562,2024-06-28,2p1KCse6wR
Twitter,Poll,View,4579,2024-02-24,GJMMzWoQuS
LinkedIn,Story,Save,4347,2024-06-26,udB6F3x7ty
TikTok,Video,Like,8296,2024-11-11,s8YbaMPhmR
Twitter,Poll,Comment,2266,2024-09-11,w50xUzk2f3
Instagram,Video,View,9686,2024-04-05,uVSwsjNXT5
Instagram,Image,View,7671,2024-02-13,vJ9dPkd2VF
Facebook,Story,Comment,7491,2024-07-17,kgHL9GIsu5
LinkedIn,Text,Like,2249,2024-11-09,QDEsfBqSS9
LinkedIn,Poll,Like,4711,2024-09-15,SUX2puRQU5
Instagram,Story,Comment,7636,2024-03-27,32pZXtFOjk
TikTok,Video,Like,4997,2024-08-11,7wbBGCDrip
TikTok,Text,Share,2731,2024-12-21,8XoexBYt35
LinkedIn,Video,View,7462,2024-12-02,lVhZ6Nrv6e
Twitter,Video,Like,4970,2024-10-13,5m4bGgLDwS
Facebook,Story,Like,5521,2024-02-17,1hQancDj5V
LinkedIn,Text,View,3623,2024-05-23,jWZ4S7mKRh
Twitter,Image,Share,9927,2024-07-10,exrjtfbSNK
Instagram,Video,Comment,5595,2024-07-17,wARMpKYGWB
Facebook,Poll,Save,5610,2024-02-19,okSADsPnPu
LinkedIn,Text,Comment,7009,2024-05-24,Kc52qMWHcN
LinkedIn,Poll,Save,1416,2024-12-20,6uFlDoVaH3
TikTok,Story,Like,7508,2024-03-05,ypS7Ymw30Z
Instagram,Story,View,4030,2024-08-09,OoWviAxq4D
LinkedIn,Story,Like,3510,2024-06-27,i16MRB1Q8g
Twitter,Story,Comment,1344,2024-01-01,efvFnTkNqd
Facebook,Story,Save,5284,2024-04-05,7AcRlpc3yQ
Facebook,Poll,View,1025,2024-01-11,iFFMgHTGMx
Twitter,Image,Like,7446,2024-07-04,I8BFp15ffI
Instagram,Video,Share,1418,2024-11-18,XzurqPGD1m
TikTok,Poll,View,4821,2024-06-20,a8LZI8f2pW
Instagram,Image,Share,2493,2024-12-16,MJheUY6mmx
TikTok,Text,View,1630,2024-11-17,L8jP1NCe0G
Instagram,Image,Share,6019,2024-06-03,fBo1dEWmoO
Instagram,Image,Save,572,2024-01-15,JfICzWpa4u
Instagram,Video,Share,5173,2024-06-04,5tFbqeKget
TikTok,Text,Share,1976,2024-08-27,yA0iVxWhOU
Twitter,Story,Comment,3199,2024-05-13,EJ9zL9DJu0
Twitter,Video,Share,3154,2024-04-02,w0gGyoEmZF
Instagram,Text,Like,8366,2024-06-22,EQIQ340e54
LinkedIn,Text,Like,3483,2024-02-13,6ZI2ZzJUY2
Instagram,Text,Like,9523,2024-10-15,5rWXzmFFSs
Instagram,Text,Share,9242,2024-06-03,SnxPTwNAbN
Instagram,Text,Save,3432,2024-07-25,glfsaZaIzO
TikTok,Text,Share,5129,2024-03-21,SVcHuEr1eI
Instagram,Image,View,6444,2024-03-09,rhNOmW1v1L
Facebook,Poll,Save,7295,2024-11-12,5emRvuwU6r
Facebook,Story,Comment,7567,2024-06-05,y47EcyrzY5
TikTok,Image,Like,2720,2024-12-28,zxp804NxVD
TikTok,Text,Comment,6467,2024-11-24,NMD3G7cPOw
Instagram,Story,Comment,438,2024-11-14,Gj4sA7iELM
TikTok,Story,Comment,7597,2024-01-13,Hx9L4Z5hXF
Instagram,Image,Like,4370,2024-07-20,MriXyzwP6b
Instagram,Poll,Comment,7351,2024-12-12,Il7NZR04ZX
Twitter,Poll,View,5383,2024-10-25,J3AzxA71lE
Instagram,Image,Save,3892,2024-09-25,O3MugFBu4i
Instagram,Text,Share,2783,2024-12-26,5EX95f60DN
Facebook,Poll,Save,4638,2024-05-28,3kph1432mu
LinkedIn,Text,Share,8448,2024-04-25,iQ5MB8s2TB
Twitter,Poll,Share,6574,2024-09-06,FqwArNFdtV
TikTok,Video,Share,2667,2024-09-10,N3UR4DSl0k
Facebook,Story,View,9810,2024-03-01,ojaD89XS0n
Twitter,Image,Share,3443,2024-11-11,xITKRaOaxz
Facebook,Story,View,3293,2024-11-12,TVrbo6Qm6V
Twitter,Image,Share,2029,2024-02-07,ELMI6jjM0U
LinkedIn,Poll,Like,9754,2024-11-17,3trzE7GsZD
LinkedIn,Image,View,3105,2024-10-22,onIAM96pza
LinkedIn,Text,Comment,945,2024-09-17,hdz4EBaOK2
Twitter,Text,Like,4935,2024-07-02,lIOWy0PEAN
Facebook,Text,View,9792,2024-04-11,ARqgNbfK5j
Facebook,Poll,Share,4430,2024-12-15,lZ6szQOHq4
LinkedIn,Story,Like,3281,2024-04-07,Y5B0usEaEr
Twitter,Poll,View,8114,2024-07-08,dFpeeF9WZ9
TikTok,Image,Save,3730,2024-11-12,6TcYQpG6Wa
Facebook,Story,Save,8564,2024-04-19,0ayHXYgHpH
TikTok,Poll,Share,3798,2024-10-02,xMv4vnfmMI
Instagram,Video,Like,2629,2024-09-21,prvAREMVFF
LinkedIn,Poll,Share,7531,2024-01-05,O333tuxa8g
LinkedIn,Text,Share,131,2024-06-21,QjpEmJMNsj
TikTok,Poll,Comment,3901,2024-12-11,ZDAqfg1Xkz
Instagram,Image,Share,3218,2024-06-01,7V5R7sfvDB
Facebook,Video,View,6089,2024-09-24,uDTYT1hnSa
Twitter,Text,Comment,3582,2024-05-11,MaRo9AyqOK
LinkedIn,Text,View,3513,2024-02-11,430btA866y
LinkedIn,Story,Share,1863,2024-02-09,b5ej1ioUL2
TikTok,Image,Share,5721,2024-03-05,QqGaIA1VR3
LinkedIn,Story,Share,7407,2024-03-26,U4jLZEpmbC
Twitter,Video,Like,7783,2024-02-11,PKx8mE0vSg
Twitter,Text,Save,8515,2024-03-01,L0h94I6yAl
Instagram,Text,Save,2278,2024-05-03,qoBB2C2RwR
LinkedIn,Story,Like,4505,2024-11-06,bEMjcdiB6q
Facebook,Image,View,571,2024-08-10,xYfHAFEdZA
TikTok,Text,Save,6096,2024-09-08,8oGPjJYjzP
Facebook,Poll,Share,6889,2024-10-24,RsGNSmfRpZ
TikTok,Poll,View,1184,2024-01-20,P6006jDNLr
Twitter,Text,View,205,2024-01-18,GXgklaiUTy
Twitter,Video,Like,3322,2024-03-01,Z02BQoSqRh
LinkedIn,Image,Save,1621,2024-08-14,xHcM2nkx8L
LinkedIn,Text,Comment,7050,2024-01-12,hVuVK7KtSn
Instagram,Video,Share,6996,2024-11-02,zDQTAg24Oe
Instagram,Poll,Like,7166,2024-06-16,X5OAZEc4MW
LinkedIn,Poll,View,9919,2024-07-21,A3fDPhJS8B
TikTok,Poll,Like,4218,2024-03-24,YSOpIoKKQC
Facebook,Image,Like,7814,2024-01-08,41zeWtiMNm
Twitter,Story,View,7339,2024-09-22,IWe4X223j1
TikTok,Poll,Comment,9396,2024-04-25,rTHOLpMxUK
Instagram,Image,Share,5472,2024-02-21,dBJmluu1sn
LinkedIn,Poll,Save,1260,2024-09-12,pIgKZqVCOV
Instagram,Poll,Share,8174,2024-06-21,2XB1yCCpY0
TikTok,Poll,Comment,1677,2024-04-08,BhkHZ7RYQh
Facebook,Text,Comment,2834,2024-06-03,gclKxLVOPb
Facebook,Story,View,4078,2024-02-25,bPHGmxxUhw
Instagram,Text,Save,8438,2024-05-02,ZPAkjZIu1u
Twitter,Story,Save,5208,2024-06-12,lHiRKCbFcK
LinkedIn,Video,Share,5695,2024-07-14,fP7uZDMZHT
Twitter,Poll,View,6828,2024-09-12,M8TGO5hZqK
Twitter,Video,View,8784,2024-02-17,90SbgQS2ud
LinkedIn,Text,Like,6050,2024-12-18,AABpNepTDI
Twitter,Video,View,7555,2024-04-02,DfenWUHvQd
Twitter,Poll,Save,3029,2024-05-19,S9xifP16Kx
Facebook,Video,Like,9067,2024-01-03,VV70ncDJvC
Instagram,Story,Like,3147,2024-11-06,UoM1Vjy6VH
Twitter,Story,Like,1784,2024-03-28,nhRBLqJOGg
Facebook,Video,Share,1691,2024-05-17,aJb5DDncu3
Facebook,Poll,Like,1108,2024-05-01,QV2WtpV4lf
TikTok,Story,Share,403,2024-04-23,pDxaapArp2
LinkedIn,Poll,Save,3068,2024-11-09,ZqQYUAPX82
Facebook,Story,View,2876,2024-04-02,5IKWUgkgUr
Facebook,Image,Save,2154,2024-07-02,VkECyVCkpP
Twitter,Video,Like,5636,2024-04-12,ZNIsvjaO7F
Twitter,Text,Comment,4985,2024-12-09,trz0wWXJz3
Facebook,Poll,Share,5400,2024-04-07,ZPYWWH7Qbt
Twitter,Story,View,1986,2024-07-13,MXtT6vKjSN
Instagram,Story,Like,2926,2024-07-19,8rQDCNdzKu
Instagram,Video,Share,8912,2024-03-20,4VVdS6Jdeh
Instagram,Story,Comment,6071,2024-04-09,PLIzGlDHmF
TikTok,Story,View,6609,2024-06-08,N5o9OONuPg
Instagram,Text,Like,6735,2024-10-06,GfeF5xIJ8U
Instagram,Poll,Save,1939,2024-05-02,xPGEOInX2s
Instagram,Video,Share,7157,2024-01-25,iKcmeubMhj
TikTok,Story,Share,6698,2024-11-22,mg2fgaNwVO
LinkedIn,Story,Comment,6644,2024-04-21,14ohlKjh6t
LinkedIn,Text,Save,2705,2024-01-02,3lagXTmd7F
Instagram,Image,Save,4802,2024-05-28,yLeBXQMIVS
Facebook,Text,Share,1853,2024-09-15,1VZ87OsO23
Facebook,Poll,Share,8059,2024-03-08,ad435bDW1H
Facebook,Video,Save,7060,2024-12-28,y77pOXrhyf
Twitter,Poll,Share,1241,2024-01-11,roCfSF9Wii
Facebook,Poll,View,3738,2024-11-23,blG3GjBvcr
Twitter,Text,Comment,3142,2024-08-01,ltSV49abbh
TikTok,Story,Comment,599,2024-10-04,uBm0Ew0FYI
Twitter,Story,Comment,1499,2024-03-10,pgZaoiuivy
Instagram,Poll,Comment,5561,2024-02-25,oBtAo25PWF
TikTok,Text,Comment,6313,2024-04-22,ryJ0Cml03Y
LinkedIn,Poll,Share,2331,2024-08-06,EYTfvC106f
Twitter,Video,View,8089,2024-07-09,rsuYQzKaU6
TikTok,Text,Like,7295,2024-12-02,hDQLOeptMj
TikTok,Image,Comment,9528,2024-09-24,9NrKbPjIDB
Twitter,Story,Like,3730,2024-05-15,cuQ7fAoPRs
LinkedIn,Poll,Save,7308,2024-07-08,DRfZzGhuZy
Facebook,Poll,Save,1854,2024-04-15,FFXFH3CQoC
Instagram,Video,Like,3923,2024-03-19,u4rdvLNlII
TikTok,Image,Like,1379,2024-04-01,rqyrbnLAVK
Facebook,Story,Comment,2072,2024-01-22,WVWJt1iS4A
Instagram,Image,Like,6241,2024-09-07,zuEUh03LZW
LinkedIn,Video,Share,7604,2024-12-19,9l6mL9W3wu
Instagram,Video,Comment,4868,2024-11-03,XEioLLE7Tp
LinkedIn,Image,Like,7350,2024-08-23,YuHHXnpMib
Instagram,Text,Share,9058,2024-09-01,j0Z7lNmpNO
Twitter,Text,Like,7210,2024-10-18,pLHfT1Pige
Instagram,Video,Comment,945,2024-07-10,S6iORjOVDM
Facebook,Text,Share,5612,2024-04-26,fyuu77qJyo
LinkedIn,Text,View,5323,2024-05-11,uU6nz1Ccnp
Facebook,Video,Save,8258,2024-11-23,ny1Yn7g9IK
LinkedIn,Video,Save,7792,2024-08-21,5SBhOvi1wY
LinkedIn,Story,View,298,2024-02-21,pFEyBusTHf
Facebook,Image,Share,7512,2024-08-03,Na0k52uchm
Facebook,Poll,View,304,2024-05-10,Bi7q01FzZ8
TikTok,Image,Share,6491,2024-12-01,5nomTdVHSO
TikTok,Text,Like,7674,2024-08-12,z2qU2WQLOw
Instagram,Story,Comment,2437,2024-05-06,jW5GnBWT9I
Twitter,Image,Save,2926,2024-06-07,d8iWN5iZO3
Twitter,Story,View,652,2024-07-02,3Ltq6JHbpp
Facebook,Video,Comment,3943,2024-01-18,ysPokUs8zH
Twitter,Text,Share,355,2024-06-26,jiThEQDL1P
Instagram,Video,Save,3488,2024-07-01,6JqYisQMEN
LinkedIn,Image,Comment,9580,2024-10-16,HPjwrRFOhT
TikTok,Text,Share,8359,2024-06-02,nM1eF2lrQ8
Twitter,Text,View,9997,2024-10-21,QcN2N4ZqjW
Facebook,Image,Share,2211,2024-07-14,fuBcfQmltR
LinkedIn,Text,Like,8966,2024-09-10,ZTkq7azYf4
LinkedIn,Image,Like,4981,2024-05-07,AaAq098gnD
Instagram,Text,Like,4668,2024-08-04,yXuz01rVRI
Twitter,Video,Save,1224,2024-08-16,nEk3fpSCAu
Twitter,Poll,Save,9385,2024-08-09,E1dFJBAguK
LinkedIn,Image,Like,1369,2024-01-25,peF8fpAt7T
Twitter,Poll,View,3053,2024-08-12,FMy99xL6jj
TikTok,Poll,Comment,891,2024-10-18,4mMderBqoz
Twitter,Text,Comment,2798,2024-12-10,kUbS4eGzUQ
Facebook,Image,Save,6889,2024-08-16,goJkVUQuTj
LinkedIn,Image,Share,1903,2024-02-20,DTZWT7GoXx
TikTok,Story,Save,9239,2024-08-03,PX22Jp8OAf
Twitter,Image,View,5137,2024-06-28,U9OCklS47H
TikTok,Video,Like,967,2024-09-08,f4WUEGSdLY
Twitter,Image,View,1308,2024-04-05,TAYOjTEBap
Instagram,Story,Comment,76,2024-09-13,0erXsaMhDO
Instagram,Story,Share,7773,2024-06-07,x7MZIrlryA
LinkedIn,Poll,Like,2227,2024-09-06,YBBwAWOeUt
TikTok,Text,Save,3299,2024-09-13,3QMg6VE8hX
Twitter,Image,Like,5583,2024-01-17,2sbKXhYvMq
TikTok,Video,Comment,6884,2024-02-13,wLhRoMUssk
Instagram,Text,Comment,8747,2024-06-26,FCINQvUwfO
TikTok,Image,Like,6570,2024-03-05,RqAPvkDq3c
Instagram,Text,Comment,1776,2024-06-12,cbn0PCooyV
TikTok,Text,View,6396,2024-10-18,nYim02f0Zb
TikTok,Poll,Save,6090,2024-11-15,9pnmNTZTzJ
Facebook,Video,Comment,5034,2024-08-17,ASUviV8oKB
Facebook,Text,Share,297,2024-04-12,8sq9v68VNb
Twitter,Video,View,8863,2024-04-26,zOpxDOrBKG
Twitter,Story,Like,232,2024-10-12,UY1EVbGe1G
Twitter,Video,Comment,5402,2024-02-24,9hrTvwHjzo
LinkedIn,Text,Save,4068,2024-11-20,r2SemEVtwK
LinkedIn,Story,Comment,215,2024-02-04,aOk2ejev03
Twitter,Text,Like,3578,2024-03-05,oWTPenkD9D
Instagram,Text,View,7693,2024-10-01,1GUjKx8t9I
TikTok,Text,Like,667,2024-08-20,m7uknU6CUf
TikTok,Text,Save,5207,2024-09-12,kgOrHksxhO
Facebook,Poll,Comment,8499,2024-07-17,relpuGNRjW
Instagram,Video,View,6149,2024-02-26,aT3Wa4JRy9
Twitter,Video,Share,4159,2024-03-03,FzTZuAKcoz
Instagram,Text,Like,9109,2024-12-16,MZMzlsfrcS
LinkedIn,Poll,Save,2973,2024-01-09,g0vOX4Q705
TikTok,Story,View,7374,2024-12-16,KjTdVK4Cwy
Twitter,Poll,View,788,2024-06-02,wMxLVlV0MP
TikTok,Poll,Save,5133,2024-09-13,vbIqT5i91V
Twitter,Poll,Save,2563,2024-05-13,5P48rMQUnG
Twitter,Poll,Like,4712,2024-12-10,a1L95EijNI
Twitter,Image,Like,5527,2024-10-23,3IMksXm0A5
LinkedIn,Poll,Save,8340,2024-08-01,DPhskNXS5Q
Facebook,Text,Like,9731,2024-06-24,nHG9NxKaR8
TikTok,Story,View,5294,2024-03-05,JkvoPXOYpJ
Instagram,Video,Save,4844,2024-08-21,fA1Y92q1Rg
LinkedIn,Text,Comment,4796,2024-06-08,vrxTpR5qf2
Instagram,Story,Save,4599,2024-02-18,TvvAj3KVLM
Facebook,Video,Like,8550,2024-11-20,HHBcT3q1yF
Instagram,Image,Comment,3558,2024-07-16,QKC114lCHo
TikTok,Video,Share,5406,2024-12-11,01oLNz4vpF
LinkedIn,Story,Save,7644,2024-05-15,qyn8uwav1t
LinkedIn,Video,View,3342,2024-02-26,TLFrfpzUHs
Twitter,Story,Save,1685,2024-06-15,UH1A7aF5wN
LinkedIn,Video,Comment,4646,2024-07-24,SP3PxyyOn9
Instagram,Video,Comment,2075,2024-08-15,UdnwOaT2W7
Twitter,Image,View,3532,2024-04-06,NWpyU3L9aC
TikTok,Text,Like,7192,2024-03-02,wwXpF2HNUn
TikTok,Image,View,3056,2024-11-07,SOFFiEiG3W
Instagram,Video,Share,3665,2024-04-20,SPVoxiPA1J
Facebook,Text,View,3348,2024-11-25,h25jLAWzUN
TikTok,Poll,View,7034,2024-12-03,tFlpTq1Wt1
LinkedIn,Story,Like,9727,2024-04-15,a9dxgHa1qh
Twitter,Poll,Save,4671,2024-07-27,UtOpC1xesq
Facebook,Story,Comment,1283,2024-09-25,esQF9OH0GX
Twitter,Story,View,5508,2024-09-06,LCjod4k3UZ
LinkedIn,Video,Like,455,2024-05-15,XGmcJrilh9
Twitter,Story,Comment,7971,2024-09-22,BPey16b3Zw
Instagram,Video,Like,2297,2024-07-09,diTHDGQqFB
TikTok,Video,Share,4906,2024-10-25,0SFec16e24
TikTok,Image,Share,9007,2024-10-03,cZQuRDeHXM
TikTok,Text,Like,4807,2024-02-04,FqSmHyNyUg
Instagram,Poll,Like,7321,2024-05-01,3GjuddqMQV
Instagram,Video,Share,9420,2024-02-12,5er2aFisem
Twitter,Text,Share,4975,2024-10-19,yFE7EAD42l
TikTok,Image,Save,247,2024-09-03,Gi8L0cZe0p
Instagram,Video,View,8033,2024-06-13,jkzIZAXkB0
LinkedIn,Text,Comment,8237,2024-12-03,3OmB3lAU0C
TikTok,Story,Save,8882,2024-03-15,YLDzsw2qNX
LinkedIn,Image,Save,3947,2024-03-15,W5N5U8rZNO
TikTok,Poll,Share,6272,2024-01-13,J0CBlQhRBZ
Facebook,Poll,Share,2566,2024-11-11,Cok125Il84
Instagram,Story,Share,4542,2024-09-14,GKd1b0GGNz
Facebook,Text,Like,1317,2024-12-09,jh4z3VqFyU
Twitter,Video,Like,8773,2024-06-06,iUEIRinH91
Twitter,Poll,Comment,6200,2024-12-08,IiStdju8dU
Facebook,Video,Save,2899,2024-07-11,vHccO2HlWA
Facebook,Image,Comment,4155,2024-07-16,h7XK6l1WHv
TikTok,Image,Share,4712,2024-09-13,q77YXDMAer
Twitter,Poll,Save,264,2024-11-08,N7JpERPsTo
